artist,song,lyrics,neutral,fear,sadness,disgust,anger,surprise,joy,key,mode,tempo,energy,valence
Belanova,Rosa Pastel,"Sí yo quería ser esa mujer
la madre de tus hijos
y juntos caminar hacia el altar
directo hacia la muerte
y al final ni hablar
los dos nos destruimos
y al final qué tal
tu y yo ya no existimos

No, No quiero ser esa mujer
ella se fue a un abismo
y tú
no eres aquel que prometió
seria mi súper héroe, y que
todo acabo, no queda más
seremos dos extraños, yo
te olvidaré, me olvidaras
hasta nunca.

Y dónde quedo , ese botón
que lleva a la felicidad
luna de miel, rosa pastel
clichés y tonterías
y al final ni hablar
los dos nos destruimos
y al final qué tal
tú y yo ya no existimos

No, No quiero ser esa mujer
ella se fue a un abismo
y tú
no eres aquel que prometió
seria mi súper héroe, y que
todo acabo, no queda mas
seremos dos extraños, yo
te olvidare, me olvidaras
hasta nunca.
Ta..ta..ta",0.4868934750556946,0.1454363316297531,0.09437333792448044,0.09192647784948349,0.08118729293346405,0.05501266568899155,0.04517035186290741,11,0,128.0,0.61,0.61
Belanova,Cada Que...,"siento que
desde aquel momento en que te vi
descifre que nunca serias para mi
que talves
conocerte fue mi error
o quizas
el amor se equivoco
y cada que pienso en ti
se enciende mi corazon
y.. nada es mas triste que hoy
hablar de ti...
siento que...
tu me cortas la respiracion
cada vez
que te acercas
solo un poco a mi
que talves
conocerte fue mi error
o quizas el amor se equivoco
y...cada que pienso en ti
se enciende mi corazon
y...nada es mas triste que hoy
hablar de ti...
pero esta historia tiene que parar
no entiendo esto
de verdad
no tiene caso
esta situacion
porque esto es tan ilogico
y...cada que pienso en ti
se enciende mi corazon
y...nada es mas triste que hoy
hablar de ti..
hablar de ti..
hablar de ti..
hablar de ti

(Gracias a Cindy por esta letra)",0.24862071871757507,0.2120114266872406,0.16619521379470825,0.04736429080367088,0.10065433382987976,0.16185155510902405,0.06330245733261108,8,1,134.95,0.74,0.51
Belanova,Por Ti,"Yo se muy bien
que a veces no suelo decir
lo que mi corazón siente por ti
y se que a veces yo no estoy aquí
por ti pero te quiero confesar, a ti

Si mi vida ha de continuar
si otro día llegara
si he de volver a comenzar
será por ti

Si mi vida ha de continuar
si otro día llegara
si he de volver a comenzar
será por tu amor

Y se también que yo te puedo lastimar
perdóname, se que me suelo equivocar

Si mi vida ha de continuar
si otro día llegara
si he de volver a comenzar
será por ti

Si mi vida ha de continuar
si otro día llegara
si he de volver a comenzar
será por tu amor

uh uhh...
Si algo te puedo asegurar
uh uhh...
Es que mi vida la soñé contigo
eres todo lo que necesito
y aquí me quiero quedar .

Si mi vida ha de continuar
si otro día llegara
si he de volver a comenzar
será por tu amor
ah ah...
por tu amor
ah ahhh...

Sera por ti, sera por ti,
sera por ti, sera por ti..",0.5185133814811707,0.17875802516937256,0.09185201674699783,0.05487893894314766,0.0458015613257885,0.07410497963428497,0.03609108179807663,7,1,137.99,0.59,0.47
Belanova,Me Pregunto,"Camino por la ciudad
Mirando al cielo
La lluvia me hace pensar
Que tú estás lejos
La gente viene y va
Yo me congelo
Sólo para aterrizar
En tu recuerdo

Me pegunto por qué
No te puedo encontrar
Todo habla de ti
Pero tú no estás
Me pregunto por qué
Te pudiste marchar
Creo que te puedo ver
Pero tú no estás

Camino por la ciudad
Busco tu boca
Nadie sabe donde estás
Creo que estoy sola
La gente viene y va
Yo solo espero
Justo en el mismo lugar
A tu recuerdo

Me pegunto por qué
No te puedo encontrar
Todo habla de ti
Pero tú no estás
Me pregunto por qué
Te pudiste marchar
Creo que te puedo ver
Pero tú no estás

Oh, Oh...
Pero tú no estás
Oh, Oh...

Me pegunto por qué
No te puedo encontrar
Todo habla de ti
Pero tú no estás",0.3613038659095764,0.2651735246181488,0.09458991885185242,0.0247108843177557,0.03731028363108635,0.17635910212993622,0.040552493184804916,9,0,125.01,0.88,0.97
Belanova,Baila Mi Corazón,"Lo nuestro no es un juego
Lo puedo descifrar
En la ruleta del amor
Hay que ganar

No importa lo que piensen
Qué opinen los demás
Porque lo que me hace sentir
Me hace volar

Baila mi corazón
Baila mi corazón
Baila para los dos
Sé que es amor

Baila mi corazón
Baila mi corazón
Baila para los dos
Esto es amor

Baila mi corazón
Baila mi corazón
Baila para los dos
Sé que es amor

Baila mi corazón
Baila mi corazón
Baila para los dos
Esto es amor

Tu piel es fluorescente
Brilla en mi oscuridad
En esta fiesta para dos
Quiero bailar

La luna y las estrellas
Me llevan hacia ti
Yo sólo puedo estar feliz
Si estás aquí

Baila mi corazón
Baila mi corazón
Baila para los dos
Sé que es amor

Baila mi corazón
Baila mi corazón
Baila para los dos
Esto es amor

Baila mi corazón
Baila mi corazón
Baila para los dos
Sé que es amor

Baila mi corazón
Baila mi corazón
Baila para los dos
Esto es amor

Baila mi corazón
Baila para los dos
Esto es amor
Esto es amor

Baila mi corazón
Baila mi corazón
Baila para los dos
Sé que es amor

Baila mi corazón
Baila mi corazón
Baila para los dos
Sé que es amor",0.5493234395980835,0.12427546828985214,0.042586248368024826,0.06363505870103836,0.0998082235455513,0.05382056534290314,0.06655104458332062,5,1,132.02,0.72,0.36
Belanova,Tus Ojos,"Viendo tus ojos
puedo descifrar el universo
El viento suave, el azul del cielo
al fin lo entiendo
Que este mundo gira
que algún día he de morir
pero contigo...

CORO
(uhhhh ahhhh uhh uhh)
y en esta historia...
(uhhh ahhhh uhh uhh)
no existe el tiempo
porque en tus brazos
te inventé el universo
al fin entiendo
que el pasado y el futuro solo existe hoy

Viendo tus ojos
puedo descifrar el universo
El viento suave, el azul del cielo
al fin lo entiendo
Que este mundo gira que algún día
he de morir
pero contigo...

CORO
(uhh ahhh uhh uhh)
y en esta historia...
(uhhh ahhh uhh uhh)
no existe el tiempo
porque en tus brazos
te inventé el universo
al fin entiendo
que el pasado y el futuro solo existe hoy

(uhhhh ahhh)
y hoy te amo...
y hoy te amo...
y hoy te amo...oh oh ohh ohh
y hoy te amo...oh oh ohh ohh",0.38953495025634766,0.17172813415527344,0.15345197916030884,0.06694009155035019,0.024592604488134384,0.15498150885105133,0.03877076134085655,9,1,118.0,0.55,0.79
Belanova,Niño,"Niño es hora de partir
la vida me invito
hacia otro lugar
sin ti
vez también me duele
es lo mejor
déjame irme
déjame partir

Amor sabes que es lo mejor
amor entiéndeme
amor sabes que es lo mejor
esperare que tu lo entiendas

Piensa que todo pasara
no debes de llorar
las cosas son así
sin ti
vez también me duele

Amor sabes que es lo mejor
amor entiéndeme
amor sabes que es lo mejor
esperare que tu lo entiendas

La vida tiene algo para ti
me duele no ser yo
lo siento niño debo de partir
entiéndeme, entiéndeme...
amor oh, oh...",0.4631554186344147,0.15786324441432953,0.13433635234832764,0.028050903230905533,0.049575962126255035,0.13338957726955414,0.03362857550382614,4,1,74.98,0.78,0.53
