artist,song,lyrics,sadness,surprise,neutral,joy,fear,anger,disgust,key,mode,tempo,energy,valence
Porter,Host of a Ghost,"I
insist
that you are in love my lover
you
passed out
and I didnt even noticed
I
think in position when I see your eyes
Froyd will be very,very,very

mad

So,so,so,so..
sorry youre gone
So,so,so,so...
deep in my mind

Lovely,
lovely time is nothing but
lovely
Lovely, lovely time is nothing while (lovely)
Lovely, lovely time is nothing but (lovely)

You're a host of a ghost
You're a host of a ghost
You're a host,
you're a host of a ghost
You're a host of a ghost,
of a ghost, of a ghost..

Lovely, lovely time is nothing but (lovely)
Lovely, lovely time is nothing but (lovely)...
(Lovely time..)

You're a host of a ghost...",0.8167799711227417,0.08944467455148697,0.062492094933986664,0.01629657670855522,0.007109669037163258,0.004795876331627369,0.003081126604229212,1,1,142.03,0.74,0.38
Porter,Espiral,"Estoy callendo por un espiral
y ahora si ya te mande a clonar

Un grupo de doctores
en Tijuana dijo ven yo te puedo ayudar

Oh oh oh oh oh ...

Perdón que ya no aguante tu partida
pero es la perra soledad
sé bien que no pedi permiso pero sé muy bien
que tu lo harias también

Empiezo a pensar
y empiezo a pensar
que ya no hay más

Sin ti ya no hay más
sin ti ya noy hay más
sin ti ya no hay más
sin ti ya no más

Y estoy callendo por un espiral
y a ahora si ya te mande a clonar

Un grupo de doctores
en Tijuana dijo ven yo te puedo ayudar

Oh oh oh oh oh oh ...

Y empiezo a pensar
y empiezo a pensar
que ya no hay más
que ya no hay más

Sin ti ya no hay más
sin ti ya noy hay más
sin ti ya no hay más
sin ti ya no más

No lo hay

Que empiece el proceso de
der normal

Hay hay hay hay hay ...

Creo que ahora si me estoy volviendo loco loco casi loco
Creo que ahora si me estoy volviendo loco loco loco
Creo que ahora si me estoy volviendo loco loco

La hora de la dicción",0.10268564522266388,0.07813024520874023,0.5182156562805176,0.020916201174259186,0.20657692849636078,0.042383503168821335,0.03109186328947544,6,1,134.97,0.68,0.13
Porter,Pájaros,"Me queda poco para consentirte
Para arreglarme el alma
Para poder soltar
Y que el viento se lleva todo
Que ya no existes mas
Se está apagando tu mirada

Y que el tiempo cura todo
No es cierto
Y que la luna es de queso
No es cierto

Me parece escuchar tu voz en mi corral
No quiero estar vivo, tampoco muerto
(¡Muerto! ¡Muerto!)
Estando frente a ti no pude reaccionar
Te fuiste borrando como un recuerdo
(¡Lento! ¡Lento!)

Dame una senal, tan solo una razon
Para arreglarme el alma
Para poder sanar
Porque siento que no es cierto
Que tú ya no existes mas
Se está secando mi mirada
Quiero poder soltar

El tiempo cura todo
No es cierto
Y que la luna es de queso
No es cierto

Me parece escuchar tu voz en mi corral
No quiero estar vivo, tampoco muerto
(¡Muerto! ¡Muerto!)
Estando frente a ti no pude reaccionar
Te fuiste borrando como un recuerdo
(¡Lento! ¡Lento!)

(¡Muerto! ¡Muerto!)
(¡Lento! ¡Lento!)
(¡Muerto! ¡Muerto!)
(¡Lento! ¡Lento!)",0.04785609617829323,0.07095024734735489,0.22121703624725342,0.11060792207717896,0.1876499503850937,0.27782633900642395,0.08389229327440262,11,1,123.0,0.78,0.53
Porter,Daphne,"So blue
and violently calmed
I drowned
but yet i feel so fine
and some how.....
don´t know why
i love it down here
(EHH)
sale el sol
y aunque ahogado veo el resplandor
(EHH)
ya me fui
mas sigo en el fondo
so blue
and violently calmed
I drowned
but yet i feel so fine
and some how.....
don´t know why
i love it down here
(EHH)
sale el sol
y aunque ahogado veo el resplandor
(EHH)
ya me fui
mas sigo en el fondo
I thought you did
but you don´t know me.....
(EHH)
sale el sol
y aunque ahogado veo el resplandor
(EHH)
ya me fui
mas sigo en el fondo
I thought you did
but you don´t know me.....",0.3177854120731354,0.10481562465429306,0.042679622769355774,0.06976108253002167,0.397320032119751,0.0644470751285553,0.0031911281403154135,0,1,130.17,0.48,0.04
Porter,Rincón Yucateco,"¡¿Qué más?!
Me pides amar!
Que de rodillas!
Llegue a la villa!

Memorizar!
Para no pensar!
Quema la villa!
Quema la herida!
(Vuela, vuela)

Camelia se perdió!
Buscando en las malaguas
Tan dulce la ilusión
De alguna vez tocarlas

Ay! Se paró su corazón!
Se ha fundido con las piedras
Del color de un caracol
Se confunde con la arena
Ay! También me perdí yo
Con el brillo de las perlas!
Tan bonito es su color
Que se matan por tenerlas

Camelia vuelves al telón
De la tristreza [?] que de mi no cesa

Ay! Se paró su corazón
Se ha fundido con las piedras
Del color de un caracol
Se confunde con la arena
Ay! También me perdí yo
Con el brillo de las perlas
Tan bonito es su color
Que se matan por tenerlas

Camelia se perdió
Se ha fundido con las perlas
Se paro su corazón
Se confunde con la arena",0.0327189639210701,0.10172729939222336,0.13707125186920166,0.10076837986707687,0.0976637452840805,0.467866986989975,0.06218336895108223,4,0,139.82,0.63,0.28
