artist,song,lyrics,sadness,fear,surprise,neutral,anger,disgust,joy,key,mode,tempo,energy,valence
Beach House,Space Song,"It was late at night
You held on tight
From an empty sea
A flash of light

It would take awhile
To make you smile
Somewhere in these eyes
I'm on your side

You wide eyed girls
You get it right

Fall back into place
Fall back into place

Tender is the night
For a broken heart
Who will dry your eyes
When it falls apart?

What makes this fragile world go 'round?
Were you ever lost
Was she ever found?
Somewhere in these eyes

Fall back into place
Fall back into place",0.6626462340354919,0.1684286743402481,0.0662868544459343,0.06591907143592834,0.022328486666083336,0.011998726986348629,0.002391940914094448,0,0,147.07,0.79,0.6
Beach House,Silver Soul,"Gather medicine for heartache
So we can act a fool
It's incomplete without you
The silver soul is running through
It's a vision
Complete illusion, yeahhh

Beneath along the spinning wheel
Collecting silver coils
It gathers heat without you
Whether or not you turn from it
It's a quick turn
To let it figure out

It is happening again
It is happening again
It is happening again, oh-oh
It is happening again

The bodies lying in the sand
They're moving in the dark
It is so quick to let us
We're feeling moved through our skin
It's a sickness
A manic weakness yeah

It is happening again
It is happening again
It is happening again, oh-oh
It is happening again",0.08376012742519379,0.6098341941833496,0.14165249466896057,0.07302691042423248,0.025053711608052254,0.06211270019412041,0.004559856839478016,2,1,135.03,0.67,0.12
Beach House,Myth,"Drifting in and out
You see the road you're on

It came rolling down your cheek
You say just what you mean
And in between
It's never as it seems

Help me to name it
Help me to name it

If you built yourself a myth
You'd know just what to give

What comes after this
Momentary bliss?
The consequence
Of what you do to me

Help me to name it
Help me to name it

Found yourself in a new direction
Arrows falling from the sun
Canyon calling, would they come to greet you?
Let you know you’re not the only one

Can’t keep hanging on
To what is dead and gone
If you built yourself a myth
You'd know just what to give
Materialize
Or let the ashes fly

Help me to name it
Help me to name it",0.03563608601689339,0.08587504178285599,0.11984888464212418,0.6768136024475098,0.05225229263305664,0.020241178572177887,0.009332921355962753,3,1,141.96,0.71,0.41
Beach House,Master of None,"You always come to the parties
Too bad the feathers are for the birds
All your needs
I will not let you grieve

I want your picture but not your words
You know the wanting, but there's no verse
On your own
But you can not' call it your all

We always run our heads too much
We know the reason, but such and such
On your own,
You will not let your arm go

We all look bigger together
you know if this is the devil's plan
On your own,
You can not call me your heart

Jack of all trades
Master of none
Cry all the time
Cause i'm not having fun

Tou always want to be forgiven
The devil loves what and you print
All your needs
But you can not; you will not agree",0.9697030186653137,0.0032966737635433674,0.003838235279545188,0.014560867100954056,0.0033316360786557198,0.002934049814939499,0.002335545839741826,5,1,86.51,0.35,0.21
Beach House,Wildflower,"No better color
Look everywhere
We're driving home every night
The shadows stay by your side

You built a city
All in your head
Triangle of every light
It turns you on every night

Need a companion
My head in prayer
You know you're not losing your mind
What's left you make something of it
Sky what's left above it
The way you want nothing of it
Baby I'm yours

No better color
Look everywhere
You built a city
All in your head
You know you're not losing your mind
What's left you make something of it
Sky what's left above it
The way you want nothing of it
Wildflower",0.11396123468875885,0.36075684428215027,0.024594644084572792,0.4377746880054474,0.03607035055756569,0.016660384833812714,0.010181920602917671,3,1,81.1,0.51,0.22
Beach House,PPP,"Out in the heartland
I looked into your eyes
And I asked
""Are you ready? Ready for this life?""

Did you see it coming
It happened so fast
The timing was perfect
Water on glass

Like tracing figure eights
On ice in skates oh well
And if this ice
Should break
It would be
My mistake

Between the cities
Between the thrills
There's something inside you
It doesn't sleep well

It won't last forever
Or maybe it will
The white clothes they gave you
You wear them so well

Someone once told me
In love, that you must
Place all you're given
In infinite trust

Yet I'm tracing figure eights
On ice in skates so well
And if this ice should break
It would be
My mistake",0.2474135458469391,0.16527704894542694,0.23976312577724457,0.2962251603603363,0.031168106943368912,0.013891276903450489,0.006261699367314577,1,1,104.88,0.47,0.15
Beach House,Lazuli,"In the blue of this light
Where it ends in the night
When you couldn't sleep
You would come for me

Wander eyes, ocean high
And we don't dare slip on by
Make her suffer
Like no other

It's nothing like
Lapis Lazuli
Let it go
Back to me

Like no other
You can't be replaced

Like no other (It's nothing like)
You can't be replaced (Lapis Lazuli)",0.03731785714626312,0.7470705509185791,0.0022963040973991156,0.027832714840769768,0.17401981353759766,0.007383866235613823,0.004078942351043224,11,0,219.13,0.81,0.74
Beach House,Zebra,"very rough guess - corrections welcome

you know you go
you don't gotta worry now honey
who wastes his child
born so wild

don't i know you better than the rest
all this sent you from, all this sent you from you

you love to stand
in the white sand
didn't ask for mines
i smiled and wined

don't i know you better than the rest
all this sent you from, all this sent you from you

anyway you run, you run before us
black and white horse
arching among us

you love to stand
in the white sand
who wastes his time
born to a man
don't i know you better than the rest
all this sent you from, all this sent you from you

didn't ask for mines
i smiled and wined
who wastes his child
born so wild

don't i know you better than the rest
all this sent you from, all this sent you from you

anyway you run, you run before us
black and white horse
arching among us",0.0654086023569107,0.5988284349441528,0.052822839468717575,0.11850350350141525,0.12907782196998596,0.003543578553944826,0.03181520104408264,8,1,118.38,0.48,0.26
