artist,song,lyrics,neutral,joy,surprise,sadness,anger,fear,disgust,key,mode,tempo,energy,valence
Chancha Vía Circuito,Ilaló,"Virgen de la madrugada
Dame claridad y tranquilidad
Lucero de la mañana
Dame luz y dame calma
Virgen de la madrugada
Dame claridad y tranquilidad
Lucero de la mañana
Dame luz y dame calma
Virgen de la madrugada
Dame claridad y tranquilidad
Lucero de la mañana
Dame luz y dame calma

Bajando por la montaña, la Luna me regaló
Un lucero en la mañana, lunita del Ilaló
Alma de la oscuridad, salvia de mi vida
Alma de la oscuridad, salvia de mi vida
Ay, ay, ay ay

Monte Seco, Padre Volcán o Madre Ilaló, Taita Coturco
Cerro Sangay, Río Upano Coto ay, ay, ay, ay
Tuna Chiguacero es mi corazón de aguacero
Miradores sobre cielo, miran al cosmos, miran al todo, miran

Frailejones dorados danzan en torno a una curandera
Una fuerte hogera, rompe descalzo
Mis pies se queman ay-ay-ay, ay-ay-ay vuelan

Bajando por la montaña, la Luna me regaló
Un lucero en la mañana, lunita del Ilaló
Alma de la oscuridad, salvia de mi vida
Alma de la oscuridad, salvia de mi vida
Ay, ay, ay ay",0.5778493881225586,0.33561015129089355,0.024847019463777542,0.02171199582517147,0.018458174541592598,0.011752795428037643,0.009770439937710762,9,1,95.02,0.57,0.11
Chancha Vía Circuito,Jardines,"Un jardín comienza con una semilla
Y una visión alimentada con la luz del sol
Sigue así, sigue así, amor mío sigue así
Riega todo al rededor tus sueños viven en mi cuerpo
Vida aquí vida aquí nada es justo vida aquí
Te regalo el resplandor, amanece en el desierto
Quiero ir quiero, quiero ir, detrás tuyo quiero ir
Comenzar la humanidad de otro planeta y universo
Corazón de paja, alma de lava, saliva de pan, colombiano sin ancestros

Un jardín de flores rojas y amarillas, tiene tu luz acurrucada en la raiz
Quiero ir, quiero ir delante tuyo quiero ir
Mostrarte mi camino de esmeraldas y diamantes
Corazón de paja, alma de lava, saliva de pan, colombiano sin recuerdos

Los jardines se iban nutriendo, se iban nutriendo con el rio Magdalena
Los delfines, delfines rosados, me iban saludando con una tierna sonrisa
Yo quisiera ser como la brisa, ser la brisa para batir tus cabellos
Y meterme, meterme dentro de ellos
Para poder ver y escuchar tu sonrisa, de flores rojas y amarillas

Viene tu luz, acurrucada en la raiz",0.7177720665931702,0.011206233873963356,0.03934339061379433,0.06827875971794128,0.057324107736349106,0.06316983699798584,0.04290567710995674,10,0,91.99,0.53,0.61
