artist,song,lyrics,neutral,surprise,joy,anger,sadness,fear,disgust,key,mode,tempo,energy,valence
Joey Bada$$,Love Is Only a Feeling,"Look, I love her curves but what's more preferred
Is the way she articulates words
Can't help observe and stare
When she in the mirror
Masking the massacre while she fixing her hair
I mean she so perfect
In her own little world
We built the foundation, everything I want in a girl
And it's a matter of time until her last name mine
You got potential baby, just imagine us combined
I wanna see you shine like the gem that you are
Want you be so secure that they can see from afar
That you don't need another man
And you can stand on your own
Let's keep stacking your bread
And one day we gonna get gone
And get, away from here
You're the only reason I be, staying here
Wanna paint a picture, let's make it clear
The future so bright baby, race you there

Love is only a feeling
Love is only a feeling
Love is only a feeling
Love is only a feeling

Girl you talk too much, need to relax
No stress please, just please roll us a fat
Blunt so we can smoke, and fill the room with love
You buzz 'cause I'm feeling the groove with this one
Come take you a sip, let's dance under the moon
They way that it's lit, got me feelin' the mood
To vibe and be tuned, I'm so into you
Let's lose track of the night and stay up til it's noon
Watch the sun rise and watch the moon fall
Let's leave a few wheels, surprised when you spawn
Back from the world of infinite beyond
Roll your eyes back and let's keep on going
Come take a ride, I'll be your chauffeur
I wanna make you sing to me as your toes curl
I love it when she doing all the things I showed her
I think our love formin' that's what I owe her

Love is only a feeling
Love is only a feeling
Love is only a feeling
Love is only a feeling",0.46225959062576294,0.22662316262722015,0.1263810396194458,0.08289632946252823,0.05000973120331764,0.046338338404893875,0.005491747986525297,1,0,90.38,0.68,0.5
Joey Bada$$,Righteous Minds,"Yeah
Make sure my shit sound tight

I never knew the world could be this mad
Only vision I had of sex was callin' me bad
I never knew the world could be this cold
Only time a nigga died he was playing a role
But now the niggas get their souls stole so often
They only did is offer gimits is awake in their coffin
From NY to cope it down the hole
She said that office offers abortions
Without precaution,
Power to the people,
There's too many who wanna be Jordan
Too many forces thinking they could make a fortune story
Too many wanna be actors instead of achiveing their masters
At least the bachelor would know too many wanna be rappers
That's just statistics they'll be steak before he'll pay Christ
Like niggas in the White House supplying white towels
Or Jim Crow Laws you probably missed it
Hard to be persistent when you tryin' to fight for your existence

It ain't easy living life like this
When you tryin' to be righteous
But know a nigga might just
Leave you lifeless for prices
High tech devices
So keep your tech down
Or meet your Christ
It ain't easy living life like this
When you tryin' to be righteous
But know a nigga might just
Leave you lifeless for prices
High tech devices
So keep your tech down
Or meet your Christ

Person, mad nervous you surrender of the sturving
Look them in the eyes flicks makes you die
You know you merk 'em right there
Plus his hide is like right here
So you know that if you would fight fair
Then you'd have him like cry scared
But don't forget to tack your heart
By your right hand
So listen loud and clear
You don't wanna lose your life there
Don't you show a slight tail
Or let 'em sight fear
Just let 'em dissapear in the night yeah
What your life is, rabbi the clack is
Left alone in the apartment
Someone's been jobless someone make dollars
Shaking it topless and
Daddy be gone said it
Took off like ashes
Dizzy gain knowledge
I'm keeping it with the synapsis
Saying shit like that make you wish you were adopted
To escape the pain you joined the gang
And get intoxicated
Had no shame, nothing wrong with some Mary Jane
The only thing is you do with the game

It ain't easy living life like this
When you tryin' to be righteous
But know a nigga might just
Leave you lifeless for prices
High tech devices
So keep your tech down
Or meet your Christ
It ain't easy living life like this
When you tryin' to be righteous
But know a nigga might just
Leave you lifeless for prices
High tech devices
So keep your tech down
Or meet your Christ

Imagine me fed up
A go getter, for more cheddar
Pour never, no more lettuce
'Cause I know no better
No error no steals
No Kirk, No Lee, no school
No OJ, no talent, know me
But if I did say act right
What if I pack crack white
With my sack tight
Joined the gang fight
They click clack tight
Sledding the vibe
With the black stripe
And get my friend's the back knife
'Cause that's life
Nigga

It ain't easy living life like this
When you tryin' to be righteous
But know a nigga might just
Leave you lifeless for prices
High tech devices
So keep your tech down
Or meet your Christ
It ain't easy living life like this
When you tryin' to be righteous
But know a nigga might just
Leave you lifeless for prices
High tech devices
So keep your tech down
Or meet your Christ
It ain't easy living life like this
When you tryin' to be righteous
But know a nigga might just
Leave you lifeless for prices
High tech devices
So keep your tech down
Or meet your Christ
It ain't easy living life like this
When you tryin' to be righteous
But know a nigga might just
Leave you lifeless for prices
High tech devices
So keep your tech down
Or meet your Christ",0.12040672451257706,0.02217763103544712,0.005434730090200901,0.15002761781215668,0.05056998133659363,0.6372941136360168,0.014089156873524189,8,0,94.89,0.64,0.61
Joey Bada$$,Show Me,"Show me how
You care
(Statik Selektah, yeah)
Tell me how (Tell me all)
You were loved (Tell me how you love, baby)
Before (Uh)

Can't spell ""us"" without ""trust""
Put the lust aside, there's some things we gotta discuss
So close your legs for a bit, baby, let's open up
Closed mouths don't get fed finishing lunch, her panties in a bunch
Tell me where you been at these last couple months
You say you want me back, so baby, don't front
'Cause I could never know too much but just enough
So the next nigga never feel he got the one-up
But we ain't gotta rush, take your time
We could talk until the sun up, I see you tryin'
To say what's on your mind, I promise to be fine
I could see the signs, be honest, I ain't blind
The truth is we all got our own desires, our own dreams
It's a big world, gotta try new things
So right here, right now, what you gotta say
You ain't gotta lie now, it's the bed we made

Show me how (Show me how, baby)
You care (Right here, right now)
Right here, right now, right now, baby, yeah
Tell me how (Tell me all)
You were loved (Tell me how you love, baby)
Before (Uh)

'Cause transparency my love language
Can't see the bigger picture if your vision tangled
Love is like glass, either break it or you stain it
These late-night conversations turn into arraignments, just tell me the truth
'Cause I ain't tryna judge, baby, I just want you to be you
'Cause I'ma be me, keep it G like real niggas do
'Cause you knew a nigga before he got famous and the block named us
And I'm proud to say the money never changed us
We've been through many phases like mazes, still we found a way
I never knew a love that wasn't painless
Pouring out my heart was always draining, I gotta say
Now every day, it's indigo rain, yeah, this a brighter day
A lifetime I provide for you, by the way
Don't you forget that I would die for you any day
Right here, right now, what you gotta say?
You ain't gotta lie now, it's the bed we made, uh
Related Songs
Welcome Back
Joey Bada$$
One of Us
Joey Bada$$
Wanna Be Loved
Joey Bada$$

Show me how (Show me how, baby)
You care (Right here, right now)
Right here, right now, right now, baby, yeah
Tell me how (Tell me all)
You were loved (Tell me how you loved, baby)
Before

You ain't gotta lie to me, no-no
I know you would die for me, it's for sure
Baby girl, this life we live is too short
Baby girl, this life we live is too short
You ain't gotta lie to me, no-no
I know you would die for me, it's for sure
Baby girl, this life we live is too short
Yeah, too- it's too short (Too short)

Said a thug don't cry, no
But a thug don't cry, no, and real niggas don't lie
Said a thug don't cry, no
Said, a thug don't cry, no, and real niggas don't lie
Said a thug don't cry, no
And the thug don't cry, no, and real niggas don't lie
Said a thug don't cry, no
Thug don't cry, real niggas never lie",0.7032134532928467,0.01428090501576662,0.039344675838947296,0.03480697423219681,0.12187813222408295,0.05118589848279953,0.035289932042360306,6,1,176.15,0.65,0.64
Joey Bada$$,Temptation,"I come here today to talk about how I feel
And I feel like that we are treated differently than other people
And I don't like how we're treated
Just because of our color doesn't mean anything to me

This just the way I feel
Minds been racing so long
It's just no way to deal
With these problems alone

And I really can't take it no more
I be fighting temptations, my Lord
I'm making them restless (And I really can't help it)
I never felt selfish before
I've been living so reckless, I know
Tell me Lord can you help me?
(I said Lord can you help me?)

Now everybody got problems, yeah
But ain't no way to solve em
I really came up from the bottom
Strugglin', my momma on her last dollar
Hustling man I've been putting in these hours
The government been trying to take away what's ours
It's really all about the money and the power
I just wanna see my people in power
Uh, uh, tell me how we gon' shape this vision
Complainin' all day, but in the same conditions
If you wanna make change, it's gonna take commitment
Some people enslaved by they religion
Can't emancipate the fundamental prisons
When I see through optics, transform the wisdom
Watch me use my powers, get em all to listen
I've been on a mission, ah!

And I really can't take it no more
I be fighting temptations, my Lord
I'm making them restless (And I really can't help it)
I never felt selfish before
I've been living so reckless, I know
Tell me Lord can you help me?
(I said Lord can you help me?)

Now everybody got vice, yeah
But wouldn't know what good advice was
Until they leave him lifeless
Another momma crying, it's another crisis
Lord knows we just trying to live righteous
Are you willing just to make the sacrifices?
I know we can't continue living like this
And I never sell my soul because that's priceless, uh, uh
Tell me how we gon' make a living
Hustle on the block who gon' save the children?
Menace on the block and I'm just revealing
The media just trying to make a villain
I just take the pain and a paint a picture
Voices in my head, I hear the whispers
When I feel this way inhale the swisher
Or I sip the liquor, ah!

And I really can't take it no more
I be fighting temptations, my Lord
I'm making them restless (And I really can't help it)
I never felt selfish before
I've been living so reckless I know
Tell me Lord can you help me?
(I said Lord can you help me?)

This just the way I feel
Mind's been racing so long
It's just no way to deal
With these problems alone

And I really can't take it no more
I be fighting temptations, my Lord
I'm making them restless (I said Lord, can you help me?)
I never felt selfish before
I've been living so reckless, I know
Tell me Lord can you help me?
(I said Lord can you help me?)

Do not stop
We are black people and we shouldn't have to feel like this
We shouldn't have to protest because you are treating us wrong
We do this because we need to and we have rights",0.014868025667965412,0.001734432065859437,0.0020659449510276318,0.8979852199554443,0.011153065599501133,0.03252453729510307,0.039668820798397064,10,0,104.98,0.71,0.78
Joey Bada$$,Survival Tactics,"(Verse)
Niggas don't want war I'm a martian with an army of spartans
Sparring with a knife in a missile fight
Get your intel right intelligence is irrelevant
But it's definite I spit more than speech impediments
Brooklyns the residence, the best and it's evident
We got them niggas P-E-Nuts, like they elephants
Throw 'em in a trunk if they hate though
We don't give a fuck as long as we collect our peso
Ya'll collect pesos, ya money ain't right here
I got them girls next to the wood like they lightyear, I'm right chea
Tryna get a buzz, tryna pollinate
STEEZ got that presidential shit out to inaugurate
My P.E conglomerates bout to P-E-E on any wanna B-E, weak MC
Here I'm out to leave 'em empty congratulate the semi-auto
Fire flame spitter like komodo
No time for fake people, they be simmin' like Kimora
I'm the empor-ah in search of the adora, my heart go:
*Ba boom Ba boom Ba boom boom Ba boom*
Hispanic like Dora when shots blast
See I was raised that way, I'm from the place where they raise that K
Like every day in every way and every where you go, just ain't safe
The only thing I can say, to you is pray
Cause when niggas start equipin'
And throw the clip in
Your blood drippin'
And got you slippin'
Under the victim, don't know whats hit them
Through his spinal, just another man who defeated by survival
That's your biggest rival, in your whole life
These bars you can't handle you better hold tight
They sayin' I'm the best, I'm like you're so right
Still ain't got enough shine to last the whole night, nigga

(Interlude)
Yo, fuck the police nigga
Fuck every ass corrupt politician on Wall Street
P.E, Public Enemy, Assassinator, bitch
Fuck that, fuck everything son
Fuck government, Fuck, listenin' and shit
You want fuckin' energy? Dickheads

(Verse)
There's like 6 milli ways to die my nigga choose one
Doomsday comin' start investin' in a few guns
New gats, booby traps, and bazooka straps
Better play your cards right, no booster packs
Everybody claim they use to rap
But these ain't even punchlines no more, I'm abusing tracks
Leaving instrumentals blue and black
I'm in Marty McFly mode, so tell em' that the future's back
Riding on hoverboards
Wiping out motherboards
Started spitting fire cause my motherfuckin lung is scorched
King Arthur when he swung his sword
A king Arthur I ain't even use a pen in like a month or four
I had a hard time writing lyrics
Now I'm way over heads, science fiction
You can try and get it, my man the flyest with it
With a mind of finest interests for your finest interests
They say hard work pays off, well tell the Based God don't quit his day

job
Cause P.E's about to take off, with protons and electrons homie that's

an A-bomb
Fuckin' ridiculous, finger to the president screamin' ""fuck censorship!""
If Obama got that president election then them P.E boys bout to make an

intervention
Fuck what I once said, I want the blood shed
Cause now-a-days for respect you gotta pump lead
I guess Columbine was listenin' to Chaka Khan and pokemon wasn't gettin'

recognized at Comic-Con
It's like we've been content with losin'
And half our students fallen victim to the institution
Jobs are scarce since the Scientific Revolution
And little kids are shootin Uzi's cause its given to 'em
Little weapon, code name: Smith and Wesson
And you'll be quick to catch a bullet like an interception
If your man try and disrespect it, send a message and it's over in a

mili second
Nigga",0.12764422595500946,0.011558091267943382,0.009270045906305313,0.6810298562049866,0.013622857630252838,0.033777255564928055,0.1230977326631546,1,1,199.95,0.84,0.92
Joey Bada$$,Waves,"Yea
You remember back in the days when you used to rocks waves and shit
When like...yo I had the fucking 360 my nigga
Like nobody in the hood was fucking my shit
And that's real shit

Since nine five, momma been working nine five
And I know the landlord fed up with our lies
So we pray to the Gods, the Jahs, and the Allahs
To keep us safe and watch our lives
Cause all we tryna do is do good
Put on my hood when I walk through hoods
Cause these niggas these days is loco
You'll get it in ya vocals if you ain't a local
Yeah, that's why I'm tryna go global
Yeah, that's why I'm tryna be a mogul
And I’m hopeful that me spittin it soulful will have me in the Daily Postal
Flying coastal eatin tofu
Like I told you I know niggas who trash rappin
Worried bout the trendin fashions rather than descendin' passion
They want me send em tracks but I just send em laughter
Right after I start laughin, they start askin “what happened?""
I’m back to the chapter
Momma told me follow dreams and never have to ask her, to
So that’s what I do, became an MC master
Since then it’s been a disaster for you and your favorite rapper
Go ahead ask em ""Who is Joey Bad?""
Watch em grasp, asthma, damn it’s so sad
He paused the chatter cause he know he rather back up
Than to admit the kid is hotter than magma
But fuck it, you gotta give credit where it's due
Cause you ain't gon' like the karma when it's set up on you
It can get you on your medical, fuck you up in the decimals
Or get you 2 to 3 for residue found it your retinal
And they told me not to be so complex
Dumb it down to accomplish articles in Complex
And The Source, alfredo of course
There I go again, steppin out of line, runnin' off course
I heard reports that it's like sexual intercourse
With your thoughts when I talk about the shoes in which I walk
For it is not faux, nor false that this kid from the north, speaks with forced supports of reinforced assaults
I'm sure by now you can assume he never lost
Unless it was some form of divorce, or a corpse
Born boss no days off, child labor
Let me see those in favor to spin that back like tornadoes

What, what the rap audience ain't ready for, is a real person
You know what I wanna say, a real N-I-G-G-A. I'm comin' at 'em a hundred percent real. I ain't compromisin' nothin'
Anybody that talk about me got problems. You know what I'm sayin'? It's gon' be straight up like if I was a street person.
That's how I'm comin' at the whole world, and I'm bein' real about it and I'mma grow wit' my music

Yeah, but it's far from over
Won't stop til' I meet Hova and my momma's in a Rover
Til' I'm an owner of the world's finest motors
I blow like super novas in your daughter's room on a poster
Known as history's biggest musical composer
No disrespect to Bob Mar, yeah, another stoner
Marijuana my odor, and when I get older
Hope my spermatozoa from my scrotum intercepts an ovum
Like 3 times, have 3 kids, I hope
Me & wife can show em not to make the same mistakes you know that we did
I hope they acknowledge the knowledge cuz yeah, they 'gon need it
Cuz when my fam tried to tell me, I just wouldn't receive it
Couldn't believe it, 'til I saw with my own pupils
Felt bad when I learned that the advice was truly useful
But fuck it, only made us as human beings more mutual
Even though over time, our punishments they grew more crucial
So use the word brutal, cuz my parents mad strict
Hope one day I'll attracts the likes of even Madlib
Go call a mansion and hear my songs mastered
Until then, all I can do is imagine

Imagine

I'mma make it all happen",0.3104204833507538,0.02855355478823185,0.016302764415740967,0.30139315128326416,0.0373002327978611,0.0814429447054863,0.22458688914775848,8,0,89.95,0.91,0.89
Joey Bada$$,Devastated,"Yeah, can you feel it?

I used to feel so devastated
At times I thought we'd never make it
But now we on our way to greatness
And all that ever took was patience
I-I-I used to feel so devastated
At times I thought we'd never make it
But now we on our way to greatness
And all that ever took was patience

Okay, just getting better each day
Stacking that cheddar, cheesecake
Looking up to the Lord, we pray
Trying to be my best each day and
'Til I'm laid to rest we lay, yeah
'Til the time being we lit
Hoping I don't let it get all in my head
I don't need money just to say that I'm rich
Couple little honeys wanna get in my bed
But they used to run from me when I had nothing
Now they want to fuck cause they see me stuntin'
Nigga came up off the hustlin'
Living in a life of lux and I'm feelin' like the man
If you ain't in my Chucks, then you wouldn't understand
Homie buy these rubber bands for me
Make her wanna dance for me
Prolly leave her man for me
Standing in the stands, goddamn
(She used to front way back, now she just a fan)

I used to feel so devastated
At times I thought we'd never make it, yeah
Now we on our way to greatness, uh
And all that ever took was patience
I-I-I used to feel so devastated
At times I thought we'd never make it
But now we on our way to greatness
And all that ever took was patience

I put my pain in the cadence
Turn my brain up a wavelength
Now we're flowing the ceiling
So just go with the feelin'
Baby soak up the vibe
Let's roll some dope up, get high
We gon' blow smoke in the sky
'Til we can't open our eyes
I put my pain in the cadence
Turn my brain up a wavelength
Now we're flowing the ceiling
So just go with the feelin'
Baby soak up the vibe
Let's roll some dope up, get high
We gon' blow smoke in the sky
'Til we can't open our eyes, yeah
Yeah, yeah, yeah, yeah
Yeah, yeah
Skrrt, skrrt
Woooooo, yeah

I used to feel so devastated
At times I thought we'd never make it, yeah
Now we on our way to greatness
And all that ever took was patience
I-I-I used to feel so devastated
At times I thought we'd never make it
But now we on our way to greatness
And all that ever took was patience

I used to feel so (So devastated)
At times I thought we'd (We'd never make it)
Now we on our way (Yeah, yeah)
And all that ever took was patience",0.005224642809480429,0.005494596902281046,0.0021029184572398663,0.0015944065526127815,0.9816111922264099,0.0024267169646918774,0.0015455640386790037,10,0,123.0,0.63,0.49
Joey Bada$$,Paper Trail$,"Before the money, there was love
But before the money, it was tough
Then came the money through a plug
It's a shame this ain't enough, yo

Sitting back plotting, jotting information on my nation
Really started from the bottom, boy, cotton
But they still planting plantations, we keep buying in
Closed-minded men, pride is higher than the prices on your pradas
Balenciagas, balance my soccer with the henny agua
Me and my niggas tryna eat, you pussies empanada
The flow like plenty lava
With just a penny I could multiply my worth
And make you work for me for twenty hours
I swear these niggas love to copy, thanks for listening
This kid ain't been the same since Biggie smacked me at my christening
Watch your tradition and please play it safe
Cause your position on the top is switching right in front your face
Rocking on this bass with rhymes, I'm bustin' out
He duckin' down, got some issues now, headed for your house
So put the pistols down, got that red dot on your nose
Who put the clown on lock, jaws like the blue knows
Froze, keep your mouth closed or you can see the solar
I got connections that guaranteed to see closed doors
You hear that underground sonar
The way I flows, this wisdom
The Pros been on a mission
Listen into the chamber, get hyperbolic
They raisin' max, I raise stakes to keep the brolic
My bitches is macrocosmic, pass the chronic
The mastered sonics is lightyears above your conscious
You're novice, but I got notes that strike nerves
I promise your minds ain't sharp like my swords
So cut the BS, and don't worry where my jeans is
And PS: Your bitch a genius, learnt from my penis
I got dreams filling arenas and breaking brackets
Tend this racket, while I'm cracking a Serena
God damn, God bless the heaven that sent you
But now I'm breezing out, baby, cause my rent's due

Shit is really real out here
I said shit is really real out here
Just trying to get a deal out here
I'm screaming cream
Who fucking with the rap supreme?
Joey Bad, the Big Preem came to collect the green
I got a dollar and a dream, know what I mean?
And I gotta get my mama off the scene
Cash ruined everything around me
They say money is the root of all evil
I see money as the route of all people
Cause we all follow paper trails, paper trails
And everybody gotta pay their bills, pay their bills
It's the dollar dollar bill, y'all
It's the dollar dollar bill, it's the dollar bill that kills, y'all",0.4042556881904602,0.12321781367063522,0.022708170115947723,0.20703478157520294,0.07507926225662231,0.060546502470970154,0.10715781152248383,1,0,93.62,0.83,0.45
