artist,song,lyrics,neutral,fear,disgust,anger,sadness,surprise,joy,key,mode,tempo,energy,valence
Zoé,Azul,"Tú que manera de aferrarte tú
Tú que me órbitas como el Sol
Tú pegada a la pared

Tú que habitas en mi mente tú
Tú, en cada esquina, tú
Tú debajo del mantel

Estoy cayéndome a pedazos por tu ausencia
Y lo peor es que no quiero verte nunca
Estoy hundiéndome en el hábito de amarte
Y tú ya me olvidaste

Tú mirada en el retrovisor
Tú con el vestido azul
Tú llorando en el anden

Estoy cayéndome a pedazos por tu ausencia
Y lo peor es que no quiero verte nunca
Estoy hundiéndome en el hábito de amarte
Tú ya tienes a otro

Tienes a otro
Ya tienes a otro

Ya me olvidaste
Ya me olvidaste
Ya me olvidaste

Estoy cayéndome a pedazos por tu ausencia
Y lo peor es que no quiero verte nunca
Estoy hundiéndome en el hábito de amarte
Y tú ya me olvidaste

Ya me olvidaste
Ya tienes otro",0.36689069867134094,0.3098755180835724,0.1365921050310135,0.08256303519010544,0.047726213932037354,0.03156773000955582,0.02478475496172905,9,1,97.98,0.7,0.49
Zoé,Love,"En tu planeta me quede
fue por un tiempo
nunca fue mi plan
pero mi nave se averio
y ahora estoy
perdido a qui en mañanas con tres soles
y multiples visiones
montañas transparentes
anemonas de luz particulas de amor
y recuerdos de ti

love, love, love",0.2721163332462311,0.01260833628475666,0.010949727147817612,0.038731031119823456,0.08405707031488419,0.026604052633047104,0.5549334287643433,6,1,78.99,0.51,0.73
Zoé,Nada,"Transfusión de magia pura para el corazón
Rímel de miel pa' corregir la tristeza
Tatto mental para marcarse la imaginación
Tragos de luz para alegrarse la vida

Televisión para borrarse de la transmisión
Revolver sexual para la ruleta rusa
Y no sé tú, ni qué dirás,
pero no hay nada mucho que pensar
La oscuridad asecha incrédula
Nada que pueda perder,
nada que no pueda hacer
Algo que te alivie, algo que me cure
Nada que pueda temer, nada que no pueda ser
Algo que te alivie, algo que me cure

Transfusión de magia pura para el corazón
Rímel de miel pa' corregir la tristeza
Televisión para borrarse de la transmisión
Revolver sexual para la ruleta rusa

Y no sé tú, ni qué dirás,
pero no hay nada mucho que pensar
La obscuridad asecha incrédula

Nada que pueda temer,
nada que no pueda ser
Algo que te alivie algo que me cure
Nada que pueda perder,
nada que no pueda hacer
Algo que te alivie, algo que me cure

No hay nada que pueda perder,
que no pueda ser,
que no pueda amar,
que pueda soñar...",0.36452439427375793,0.1493060290813446,0.1853538602590561,0.1098610907793045,0.08410772681236267,0.024435125291347504,0.08241181820631027,2,0,133.55,0.78,0.46
Zoé,Arrullo De Estrellas,"En faro de tu amor, en el regazo de tu piel,
Me dejo llevar al sol.
Es que no hay nadie como tu,
Que me haga sentir sentir así,en un arrullo de estrellas

Te lo digo desde el alma y con el corazón abierto
En un palmo de luz, despojados del dolor
Nos volvemos a encontrar.

Al final del infinito, entre ríos purpura
A la fuente de sal.

En el faro de tu amor, en el regazo de tu piel
Me dejo llevar al sol
Al final del infinito, entre ríos purpura
Nos volvemos a encontrar.

Eres mi amor eterno
Mi ángel de la guarda,
Te lo digo desde al alma, con el corazón abierto.

Entre tus alas dormí
Y en tu mirada complacida crecí
Siempre confiaste en todo lo que soñé,
Me cuidaste y me guiaste hasta aquí.

Te lo digo desde el alma, con el corazón abierto
Eres mi amor amor eterno,
Mi ángel de la guarda.
Te lo digo desde el alma, con el corazón abierto
Eres mi amor amor eterno,
Mi ángel de la guarda.

Te lo dijo desde alma,
María llena eres de gracia ah ahhh ahhh.",0.52921462059021,0.2119130939245224,0.0857163742184639,0.050313882529735565,0.07169456034898758,0.021538861095905304,0.0296085886657238,5,1,81.5,0.76,0.38
Zoé,Vía Láctea,"llevo tu voz en mi voz, grabada con aerosol

tu beso fantasma pegado en mi labio inferior

y el mapa de tu desnudez

llevo el prisma de tus ojos en mi casco de astronauta

y la tímida aurora de tus células...

y todas las noches bajo la vía láctea

parecen eternas si tu no estás

y todas las noches desde mi ventana

conjuro tu nombre inmortal

y a veces llora mi piel cuando se empaña de anhelo

se infla mi mente con tantos recuerdos

que ya no me puedo dormir

y en la alfombra de tus sueños

soy el rayo vagabundo y desmaya y dolece

pero no se apaga

y todas las noches bajo la vía láctea

parecen eternas si tu no estás

y todas las noches desde mi ventana

conjuro tu nombre inmortal

llevo el prisma de tus ojos en mi casco de astronauta

y la tímida aurora de tus células

vía láctea, vía láctea, vía láctea si tu no estás

vía láctea, vía láctea, vía láctea si tu no estás

y se que te vuelvo a encontrar...",0.5019808411598206,0.1253543347120285,0.03163178265094757,0.10857029259204865,0.061471547931432724,0.11012676358222961,0.06086440756917,7,1,150.98,0.76,0.57
