artist,song,lyrics,neutral,fear,anger,sadness,disgust,joy,surprise,key,mode,tempo,energy,valence
Camilo Séptimo,Miénteme,"Cuando ya no me quieras
Cuando tenga que irme
No me tengas piedad
No estarás lastimando
A mi alma esperando
No me finjas amar
Cuántas veces lo soñé
O me lo imaginé
Siempre pensé en nosotros dos
Y si te decepcioné
Perdón, siempre lo intenté
Eras todo para mí, amor
Si me das más de tus besos
Si me das más de tus labios
Tal vez ya no quiera regresar
Si te doy más de mis besos
Si te doy más de mis labios
Tal vez ya no quieras separarte de mí
(Cuando tenga que irme
No me tengas piedad...)
Cuantas veces lo soñé
O me lo imaginé
Siempre pensé en nosotros dos
Y si te decepcioné
Perdón, siempre lo intenté
Eras todo para mi, amor
Si me das más de tus besos
Si me das más de tus labios
Tal vez ya no quieras regresar
Si te doy más de mis besos
Si te doy más de mis labios
Tal vez ya no quieras separarte de mí
Si me das más de tus besos
Si me das más de tus labios
Tal vez ya no quiera regresar
Si te doy más de mis besos
Si te doy más de mis labios
No te separes de mí
Miénteme otra vez
Sabes que jamás lo notaría con tu sonrisa
Córtame la piel
Sabes que jamás lo esperaría
Lo esperaría de ti",0.3420637845993042,0.2580889165401459,0.11301803588867188,0.10262901335954666,0.07682760059833527,0.054941486567258835,0.052431099116802216,8,0,88.02,0.65,0.64
Camilo Séptimo,No Confíes En Mí,"No confíes en mí
Aún puedes escapar
Aún puedes librarte
De conocerme mas

No confíes en ti
Te puedes encontrar
Puedes decepcionarte
O desconocerte más

Solo tú
Me puedes destrozar
Me puedes reparar
Con un beso basta
Moriré en la sombra del dolor
Que dejaste en mi piel
Pero un beso bastara

No confíes en mi
Aún puedes escapar
Aún puedes librarte
De conocerme mas

No confíes en ti
Prometeme soñar
Prometeme soñarme
Prometo no olvidarte",0.3421632647514343,0.19013693928718567,0.13299702107906342,0.11370620131492615,0.13811001181602478,0.06690281629562378,0.01598372496664524,11,0,117.07,0.78,0.42
Camilo Séptimo,Vicio,"Quiéreme
Aunque sea poquito, quiéreme
Porque eres como un vicio tan hermoso para mí

Vamos, vamos a amarnos
Vamos a desaparecer
A esfumarnos en amor

Sé que entraste en mi mente
Porque hoy me siento diferente
Pienso en ti, necesito de ti

Sé que entraste tú en mi mente
Porque hoy solo quiero tenerte
Solo a ti, necesito de ti

Oye, ¿por qué me gustas tanto?
¿Por qué me robas el aire?
Cuando estás cerca de mí

Vamos, vamos a amarnos
Vamos a desaparecer
A esfumarnos en amor

Sé que entraste en mi mente
Porque hoy me siento diferente
Pienso en ti, necesito de ti

Sé que entraste tú en mi mente
Porque hoy solo quiero tenerte
Solo a ti, necesito de ti

Sé que entraste en mi mente
Porque hoy me siento diferente
Pienso en ti, necesito de ti

Sé que entraste tú en mi mente
Porque hoy solo quiero tenerte
Solo a ti, necesito de ti

Sé que entraste en mi mente
Porque hoy me siento diferente
Pienso en ti, necesito de ti

Sé que entraste tú en mi mente
Porque hoy solo quiero tenerte
Solo a ti, necesito de ti",0.3596090078353882,0.27303987741470337,0.0927431657910347,0.027283117175102234,0.0845470204949379,0.03203466907143593,0.13074316084384918,9,1,120.0,0.45,0.76
Camilo Séptimo,Eres,"La misma conciencia
Hace que, te encuentre
Y te vas soltando más
Para ver lo que te dicen mis besos

Eres, lo más lindo de mi vida
Si tu, si tu no vuelves
Te extrañaré toda la vida
Y mi vida te extraña

La misma conciencia
Viaja por mi karma
Y me voy soltando más
Para ver lo que me dicen tus besos

Eres, lo más lindo de mi vida
Si tu, si tu no vuelves
Te extrañaré toda la vida
Y mi vida te extraña
Y mi vida te extraña

Eres, lo más lindo de mi vida
Si tu, si tu no vuelves
Te extrañaré toda la vida
Y mi vida te extraña
Y mi vida te extraña

Eres, lo más lindo de mi vida
Si tu, si tu no vuelves
Te extrañare toda la vida
Y mi vida te extraña",0.5977905988693237,0.09170059114694595,0.0513533353805542,0.09434166550636292,0.020795492455363274,0.09084554761648178,0.053172767162323,11,0,119.98,0.62,0.69
Camilo Séptimo,No Te Puedo Olvidar,"Sé que nunca me equivoqué en lo que siento
Y cuando me tocas la piel, me desvanezco

Sé que miraremos a la última estrella
Así nos conectaremos
Yo te necesito más de lo que piensas
Más de lo que puedas creer

Siempre serás mi dosis sintética
Te lo prometo, amor
Vives en mí y en mi materia
No te puedo olvidar

Siempre serás mi dosis sintética
Te lo prometo, amor
Vives en mí y en mi materia
No te puedo olvidar

Sé que no te volveré a ver
Aunque te extraño
Te llevo conmigo en la piel
Y duele tanto

Yo te necesito más de lo que piensas
Más de lo que puedas creer

Siempre serás mi dosis sintética
Te lo prometo, amor
Vives en mí y en mi materia
No te puedo olvidar

Siempre serás mi dosis sintética
Te lo prometo, amor
Vives en mí y en mi materia
No te puedo olvidar

Siempre serás mi dosis sintética
Te lo prometo, amor
Vives en mí y en mi materia
No te puedo olvidar

Siempre serás mi dosis sintética
Te lo prometo, amor
Vives en mí y en mi materia
No te puedo olvidar",0.3471256196498871,0.32460036873817444,0.05883941426873207,0.0867411345243454,0.10131300240755081,0.04688242822885513,0.034498006105422974,1,0,99.98,0.6,0.5
Camilo Séptimo,Te veo en el 27,"Antes de partir, bésame
Apagaré al amanecer
Con los ojos embriagados

Antes de subir, mírame
Intentaré desvanecerme
Entre tus sueños anhelados

Somos más
Somos dos en luces que deslumbran

Quédate conmigo siempre
Aquí para siempre, aquí para siempre
Siempre
Quédate conmigo siempre
Aquí para siempre, aquí para siempre
Siempre

Antes de partir, bésame
Te veo en el 27 otra vez
Platiquemos de recuerdos

Antes de subir, mírame
Intentaré reconocerte
Con las luces apagadas

Somos más
Somos dos  en luces que deslumbran

Quédate conmigo siempre
Aquí para siempre, aquí para siempre
Siempre
Quédate conmigo siempre
Aquí para siempre, aquí para siempre
Siempre
Quédate conmigo siempre
Aquí para siempre, aquí para siempre
Siempre
Quédate conmigo siempre
Aquí para siempre, aquí para siempre
Siempre",0.5518286824226379,0.16648897528648376,0.06707978993654251,0.05360811948776245,0.04648200422525406,0.03774922341108322,0.07676324248313904,4,0,129.97,0.78,0.79
Camilo Séptimo,Inevitable,"Ya no sé cómo llamarte
si me ves como enemigo
Y en vez de recuperarte,
nos perdimos

Sé que debo de alejarme
Tal vez tú piensas lo mismo
Intentando rescatarlo
Nos hundimos

Y aunque ya no puedo más
Sin ti no me siento vivo
Ya no te puedo soltar

Es inevitable,
sentir que volvemos a empezar
Aunque ya hemos estado aquí
Todo se vuelve a repetir

Tenemos que aceptar
que de hace tiempo atrás
no somos los mismos

Tal vez no fue lo que esperabas
Muy lejos de lo que solíamos ser
Pero aquí seguimos

Y aunque ya no puedo más
Sin ti no me siento vivo
Ya no te puedo soltar

Es inevitable,
sentir que volvemos a empezar
Aunque ya hemos estado aquí
Todo se vuelve a repetir

Es inevitable,
Sentirme atrapado una vez más
Nuestro ciclo no tiene fin,
todo se vuelve a repetir

Es inevitable,
sentir que volvemos a empezar
Aunque ya hemos estado aquí
Todo se vuelve a repetir

Es inevitable,
Sentirme atrapado una vez más
Nuestro ciclo no tiene fin,
todo se vuelve a repetir",0.30096253752708435,0.2698197066783905,0.07083272933959961,0.20303770899772644,0.07888926565647125,0.029756886884570122,0.04670114815235138,1,0,136.94,0.87,0.78
Camilo Séptimo,Contacto,"Tanto esperamos
Muchos años luz, viajamos
Para hacer por fin
Contacto
Con tus ojos, con tu alma, con tus labios

Extraño tu respirar
Cada segundo que pasas lejos de mi
Muy pronto voy a llegar
En una lluvia de estrellas
Que cae sobre ti

En algún lugar
Que no puedo explicar
Y es tu gravedad
Que me acerca que me eleva
Y me lleva a tu señal
A un punto cardinal en otra realidad

Estoy cerca, muy cerca

Tanto esperamos
Muchos años luz viajamos
Para hacer por fin
Contacto
Con tus ojos, con tu alma, con tus labios

Cuánto soñamos
Un momento así, encontrarnos
Para hacer por fin
Contacto
Con tus ojos, con tu alma, con tus labios

Muy pronto voy a llegar
En una lluvia de estrellas que cae sobre ti
En algún lugar
Que no puedo explicar
Y es tu gravedad
Que me acerca que me eleva
Y me lleva a tu señal
A un punto cardinal
En otra realidad, estoy cerca, muy cerca

Tanto esperamos
Muchos años luz, viajamos
Para hacer por fin
Contacto
Con tus ojos, con tu alma con tus labios

Cuánto soñamos
Un momento así, encontrarnos
Para hacer por fin
Contacto
Con tus ojos, con tu alma, con tus labios

Con tus labios, con tus labios",0.4056989252567291,0.43065357208251953,0.042731236666440964,0.03738512843847275,0.043610431253910065,0.011440904811024666,0.028479797765612602,6,0,95.01,0.74,0.28
