artist,song,lyrics,fear,neutral,anger,surprise,disgust,sadness,joy,key,mode,tempo,energy,valence
Gustavo Cerati,Crimen,"La espera me agotó
no se nada de vos
dejaste tanto en mí
En llamas me acosté
y en un lento degradé
supe que te perdí
¿Qué otra cosa puedo hacer?
si no olvido, moriré
y otro crimen quedará
otro crimen quedará
sin resolver
Una rápida traición
y salimos del amor
tal vez me lo busqué.
Mi ego va a estallar
ahí donde no estás
oh... los celos otra vez
¿Qué otra cosa puedo hacer?
si no olvido moriré
y otro crimen quedará
otro crimen quedará
sin resolver.
No lo sé
cuanto falta no lo sé
si es muy tarde no lo sé
si no olvido, moriré
que otra cosa puedo hacer?
que otra cosa puedo hacer?
Ahora sé lo que es perder
Otro crimen quedará
otro crimen quedará
sin resolver",0.4704796075820923,0.21312715113162994,0.11273075640201569,0.08811133354902267,0.063474640250206,0.03864011541008949,0.013436470180749893,4,1,80.51,0.5,0.29
Gustavo Cerati,Puente,"Hoy te busqué
en la rima que duerme
con todas las palabras.
Si algo callé
es porque entendí todo
menos la distancia.
Desordené átomos tuyos
para hacerte aparecer.
Un día más, un día más...
Arriba el sol
abajo el reflejo
de como estalla mi alma.
Ya estás aquí
y el paso que dimos
es causa y es efecto.
Cruza el amor
yo cruzaré los dedos
y gracias por venir
gracias por venir.
Adorable puente
se ha creado entre los dos.
Cruza el amor
yo cruzaré los dedos
y gracias por venir
gracias por venir.
Adorable puente.
Cruza el amor
cruza el amor por el puente.
Usa el amor
usa el amor como un puente.",0.2724989950656891,0.3163761496543884,0.0986342579126358,0.02250506542623043,0.19455426931381226,0.06758823990821838,0.02784297987818718,10,1,76.34,0.47,0.21
Gustavo Cerati,Bocanada,"Cuando no hay más que decirnos
habla el humo, nada el humo
y rema en espiral.
Cuando no hay más que decirnos
se abren al aire vacíos
que dos no pueden respirar.
Para desvanecerse
alargando el después
trayectoria sin final.
Distante placer
de una mirada frente a otra
esfumándose...
Cuando no hay más que decirnos
me hago uno con el humo
serpenteando la razón.
De todo aquello decidido
se estira el tiempo y me olvido
me olvido, como vos.v Y en la esfera vagamos
indiferentes
por el espacio que dejé...
Para desvanecerse
alargando el después
una historia sin final.
Distante placer
de una mirada frente a otra
esfumándose...",0.22451798617839813,0.4601680040359497,0.05692492797970772,0.0321493074297905,0.15686827898025513,0.05343533679842949,0.0159362331032753,11,0,127.53,0.58,0.38
Gustavo Cerati,Adiós,"Suspiraban lo mismo los dos
y hoy son parte de una lluvia lejos
no te confundas no sirve el rencor
son espasmos después del adiós

Ponés canciones tristes para sentirte mejor
tu esencia es más visible,
Del mismo dolor
vendrá un nuevo amanecer.
uuuuh

Tal vez colmaban la necesidad
pero hay vacíos que no pueden llenar
no conocían la profundidad
hasta que un día no dio para más
Quedabas esperando ecos que no volverán
flotando entre rechazos
del mismo dolor
vendrá un nuevo amanecer.
uuuuh

Separarse de la especie
por algo superior
no es soberbia es amor
no es soberbia es amor

Poder decir adiós
es crecer
uuuuh",0.08404697477817535,0.6866793036460876,0.05316682159900665,0.04376666992902756,0.07500012218952179,0.043203070759773254,0.014137081801891327,2,1,94.12,0.6,0.28
Gustavo Cerati,Lago En El Cielo,"Un lago en el cielo
quiero ser suave
para evitar tu dureza
apago tu fuego
enciende mi agua
puede que no haya certezas
Vamos despacio
para encontrarnos
el tiempo es arena en mis manos
sé por tus marcas
cuanto has amado
más de lo que prometiste
Hoy te apuré
(estaba tan sensible)
son espejismos que aumentan la sed
si adelanté no me hagas caso
a veces no puedo con la soledad
Vamos despacio
para encontrarnos
el tiempo es arena en mis manos.
sé por tus marcas
cuanto has dejado
para olvidar lo que hiciste
sentir algo que nunca sentiste
Sos el paisaje más soñado
y sacudiste las más sólidas tristezas
y respondiste cada vez que te he llamado
Vamos despacio
para encontrarnos
el tiempo es arena en mis manos
un lago en el cielo
es mi regalo
para olvidar lo que hiciste
y sentir algo que nunca sentiste
hacerte sentir
algo que nunca sentiste",0.13112105429172516,0.3609469532966614,0.2029087245464325,0.07703331857919693,0.032048698514699936,0.13597989082336426,0.05996132269501686,7,1,128.01,0.83,0.57
Gustavo Cerati,Te Llevo Para Que Me Lleves,"Te conozco de otra vida,
hoy saldrás por la ventana
Como un puñal,
rasgando las tinieblas
si te llevo es para que me lleves, au oh
Sin hablar, solo roces
quiero ver tus ojos rojos
contare hasta tres
y llamare a tu puerta
yo te llevo para que me lleves, au oh
Con las aguas movedizas...
Yo te llevo para que me lleves
de una vida
a otra vida
de una vida
a otra vida
para que me lleves, au oh.",0.0790131539106369,0.49749964475631714,0.06503690034151077,0.12837207317352295,0.028035294264554977,0.1166917160153389,0.08535119891166687,11,0,130.15,0.72,0.45
Gustavo Cerati,Vivo,"Por aquello que encontré en tus ojos
por aquello que perdí en la lucha
conocer la otra mitad es poco
comprender que solo estar es más puro
Me pondré el uniforme de piel humana
no esperaba tanto resplandor
El fin de amar
sentirse más vivo
El fin del mal
sentirse igual vivo
Y como el fuego reflejado en el agua
dibujaba partículas de Dios
El fin de amar
sentirse más vivo
El fin del mal
sentirse igual vivo
Conocer la otra mitad es poco
comprender que solo estar es más puro",0.2935766577720642,0.22172178328037262,0.16886742413043976,0.03388720378279686,0.14440181851387024,0.08148143440485,0.05606367811560631,7,1,179.97,0.48,0.13
