artist,song,lyrics,neutral,joy,sadness,anger,fear,disgust,surprise,key,mode,tempo,energy,valence
BTS,Dynamite,"'Cause I, I, I'm in the stars tonight
So watch me bring the fire and set the night alight

Shoes on, get up in the morn'
Cup of milk, let's rock and roll
King Kong, kick the drum
Rolling on like a Rolling Stone
Sing song when I'm walking home
Jump up to the top, LeBron
Ding-dong, call me on my phone
Ice tea and a game of ping pong

This is getting heavy
Can you hear the bass boom? I'm ready
Life is sweet as honey
Yeah, this beat cha-ching like money
Disco overload, I'm into that, I'm good to go
I'm diamond, you know I glow up
Hey, so let's go

'Cause I, I, I'm in the stars tonight
So watch me bring the fire and set the night alight (Hey)
Shining through the city with a little funk and soul
So I'ma light it up like dynamite, woah

Bring a friend, join the crowd, whoever wanna come along
Word up, talk the talk, just move like we off the wall
Day or night, the sky's alight, so we dance to the break of dawn
Ladies and gentlemen, I got the medicine so you should keep ya eyes on the ball, huh

This is getting heavy, can you hear the bass boom? I'm ready (Woo-hoo)
Life is sweet as honey, yeah, this beat cha-ching like money
Disco overload, I'm into that, I'm good to go
I'm diamond and you know I glow up
Let’s go

'Cause I, I, I'm in the stars tonight
So watch me bring the fire and set the night alight (Hey)
Shining through the city with a little funk and soul
So I'ma light it up like dynamite, woah

Dyn-n-n-n-na-na-na, life is dynamite
Dyn-n-n-n-na-na-na, life is dynamite
Shining through the city with a little funk and soul
So I'ma light it up like dynamite, woah

Dyn-n-n-n-na-na-na, ayy
Dyn-n-n-n-na-na-na, ayy
Dyn-n-n-n-na-na-na, ayy
Light it up like dynamite
Dyn-n-n-n-na-na-na, ayy
Dyn-n-n-n-na-na-na, ayy
Dyn-n-n-n-na-na-na, ayy
Light it up like dynamite

'Cause I, I, I'm in the stars tonight
So watch me bring the fire and set the night alight
Shining through the city with a little funk and soul
So I'ma light it up like dynamite
(This is ah) I'm in the stars tonight
So watch me bring the fire and set the night alight
Shining through the city with a little funk and soul
So I'ma light it up like dynamite, woah (Light it up like dynamite)

Dyn-n-n-n-na-na-na, life is dynamite (Life is dynamite)
Dyn-n-n-n-na-na-na, life is dynamite
Shining through the city with a little funk and soul
So I'ma light it up like dynamite, woah",0.433888703584671,0.21199752390384674,0.10346765071153641,0.09927600622177124,0.05588864907622337,0.04777948930859566,0.04770197719335556,6,0,114.04,0.77,0.74
BTS,FAKE LOVE,"Neol wihaeseoramyeon nan
Seulpeodo gippeun cheok hal suga isseosseo
Neol wihaeseolamyeon nan
Apado ganghan cheok hal suga isseosseo
Sarangi sarangmaneuro wanbyeokhagil
Nae modeun yakjeomdeureun da sumgyeojigil
Ilwojiji anhneun kkumsogeseo
Piul su eopsneun kkocheul kiwosseo

I'm so sick of this fake love, fake love, fake love
I'm so sorry but it's fake love, fake love, fake love

I wanna be a good man just for you
Sesangeul jwossne just for you
Jeonbu bakkwosseo just for you
Now I don't know me, who are you?
Urimanui sup neoneun eopseosseo
Naega wassdeon route ijeobeoryeosseo
Nado naega nuguyeossneunjido jal moreuge dwaesseo
Geoureda jikkeoryeobwa neoneun daeche nuguni

Neol wihaeseoramyeon nan
Seulpeodo gippeun cheok hal suga isseosseo
Neol wihaeseolamyeon nan
Apado ganghan cheok hal suga isseosseo
Sarangi sarangmaneuro wanbyeokhagil
Nae modeun yakjeomdeureun da sumgyeojigil
Ilwojiji anhneun kkumsogeseo
Piul su eopsneun kkocheul kiwosseo

Love you so bad, love you so bad
Neol wihae yeppeun geojiseul bijeonae
Love you so mad, love you so mad
Nal jiwo neoui inhyeongi doelyeo hae
Love you so bad, love you so bad
Neol wihae yeppeun geojiseul bijeonae
Love you so mad, love you so mad
Nal jiwo neoui inhyeongi doelyeo hae

I'm so sick of this fake love, fake love, fake love
I'm so sorry but it's fake love, fake love, fake love

Why you sad? I don't know nan molla
Useobwa salanghae malhaebwa
Nareul bwa najochado beolin na
Neojocha ihaehal su eopsneun na
Nachseolda hane
Niga johahadeon nalo byeonhan naega
Anira hane
Yejeone niga jal algo issdeon naega
Anigin mwoga anya nan nun meoreosseo
Sarangeun mwoga sarang it's all fake love

(Woo) I dunno I dunno I dunno why
(Woo) nado nal nado nal jal moreugesseo
(Woo) I just know I just know I just know why
Cuz its all fake love, fake love, fake love

Love you so bad, love you so bad
Neol wihae yeppeun geojiseul bijeonae
Love you so mad, love you so mad
Nal jiwo neoui inhyeongi doelyeo hae
Love you so bad, love you so bad
Neol wihae yeppeun geojiseul bijeonae
Love you so mad, love you so mad
Nal jiwo neoui inhyeongi doelyeo hae

I'm so sick of this fake love, fake love, fake love
I'm so sorry but it's fake love, fake love, fake love

Neol wihaeseoramyeon nan
Seulpeodo gippeun cheok hal suga isseosseo
Neol wihaeseolamyeon nan
Apado ganghan cheok hal suga isseosseo
Sarangi sarangmaneuro wanbyeokhagil
Nae modeun yakjeomdeureun da sumgyeojigil
Ilwojiji anhneun kkumsogeseo
Piul su eopsneun kkocheul kiwosseo",0.008323218673467636,0.003342603100463748,0.07185904681682587,0.8959702849388123,0.004288183990865946,0.004823947325348854,0.01139266137033701,2,0,77.5,0.72,0.35
BTS,Butter,"Smooth like butter
Like a criminal undercover
Gon' pop like trouble
Breakin' into your heart like that (Ooh)
Cool shade stunner
Yeah, I owe it all to my mother
Hot like summer
Yeah, I'm makin' you sweat like that
Break it down

Oh, when I look in the mirror
I'll melt your heart into two
I got that superstar glow so (Ooh)
Do the boogie like

Side step, right, left to my beat
High like the moon, rock with me, baby
Know that I got that heat
Let me show you 'cause talk is cheap
Side step, right, left to my beat
Get it, let it roll

Smooth like butter
Pull you in like no other
Don't need no Usher
To remind me you got it bad
Ain't no other
That can sweep you up like a robber
Straight up, I got ya
Makin' you fall like that
Break it down

Oh, when I look in the mirror
I'll melt your heart into two
I got that superstar glow so (Ooh)
Do the boogie like

Side step, right, left to my beat
High like the moon, rock with me, baby
Know that I got that heat
Let me show you 'cause talk is cheap
Side step, right, left to my beat
Get it, let it roll

Get it, let it roll
Get it, let it roll

Ice on my wrist, I'm the nice guy
Got the right body and the right mind
Rollin' up to party, got the right vibe
Smooth like (Butter), hate us (Love us)
Fresh boy pull up and we lay low
All the playas get movin' when the bass low
Got ARMY right behind us when we say so
Let's go

Side step, right, left to my beat (Right, left to my beat)
High like the moon, rock with me, baby
Know that I got that heat
Let me show you 'cause talk is cheap (You know that talk is cheap)
Side step, right, left to my beat
Get it, let it roll

Smooth like (Butter), cool shade (Stunner)
And you know we don't stop
Hot like (Summer), ain't no (Bummer)
You be like oh my god
We gon' make you rock and you say (Yeah)
We gon' make you bounce and you say (Yeah)
Hotter? Sweeter! Cooler? Butter!
Get it, let it roll",0.4633242189884186,0.0458880253136158,0.02690110169351101,0.27539965510368347,0.12613822519779205,0.045949529856443405,0.01639934629201889,8,1,110.0,0.46,0.7
BTS,DNA,"첫눈에 널 알아보게 됐어
서롤 불러왔던 것처럼
내 혈관 속 DNA가 말해줘
내가 찾아 헤매던 너라는 걸
우리 만남은 수학의 공식
종교의 율법 우주의 섭리
내게 주어진 운명의 증거, 너는 내 꿈의 출처
Take it, take it 너에게 내민 내 손은 정해진 숙명
걱정하지 마 love
이 모든 건 우연이 아니니까
우린 완전 달라 baby
운명을 찾아낸 둘이니까
우주가 생긴 그 날부터 계속 (계속)
무한의 세기를 넘어서 계속 (계속)
우린 전생에도 아마 다음 생에도
영원히 함께니까
이 모든 건 우연이 아니니까
운명을 찾아낸 둘이니까 DNA
I want it this love (this love), I want it real love (real love)
난 너에게만 집중해
좀 더 세게 날 이끄네
태초의 DNA가 널 원하는데 (하는데)
이건 필연이야 I love us (love us)
우리만이 true lovers (lovers)
그녀를 볼 때마다 소스라치게 놀라
신기하게 자꾸만 숨이 멎는 게 참 이상해 설마
이런 게 말로만 듣던 사랑이란 감정일까
애초부터 내 심장은 널 향해 뛰니까
걱정하지 마 love
이 모든 건 우연이 아니니까
우린 완전 달라 baby
운명을 찾아낸 둘이니까
우주가 생긴 그 날부터 계속 (계속)
무한의 세기를 넘어서 계속 (계속)
우린 전생에도 아마 다음 생에도
영원히 함께니까
이 모든 건 우연이 아니니까
운명을 찾아낸 둘이니까 DNA
돌아보지 말아
운명을 찾아낸 우리니까
후회하지 말아 baby
영원히 영원히 영원히 영원히
함께니까
걱정하지 마 love
이 모든 건 우연이 아니니까
우린 완전 달라 baby
운명을 찾아낸 둘이니까 DNA
La la la la la
La la la la la
우연이 아니니까
La la la la la
La la la la la
우연이 아니니까 DNA",0.36709529161453247,0.06548313051462173,0.17263458669185638,0.06916012614965439,0.2895539402961731,0.018209390342235565,0.017863592132925987,1,0,129.82,0.78,0.7
BTS,Blood Sweat & Tears,"Nae pi ttam nunmul nae majimak chumeul
Da gajyeoga ga
Nae pi ttam nunmul nae chagaun sumeul
Da gajyeoga ga
Nae pi ttam nunmul

Nae pi ttam nunmuldo
Nae mom maeum yeonghondo
Neoui geosin geol jal algo isseo
Igeon nareul beolbatge hal jumun
Peaches and cream
Sweeter than sweet
Chocolate cheeks
And chocolate wings
But neoui nalgaeneun akmaui geos
Neoui geu sweet apen bitter bitter

Kiss me apado dwae eoseo nal joyeojwo
Deo isang apeul sudo eopsge
Baby chwihaedo dwae ije neol deurikyeo
Mok gipsugi neoran wiseuki

Nae pi ttam nunmul nae majimak chumeul
Da gajyeoga ga
Nae pi ttam nunmul nae chagaun sumeul
Da gajyeoga ga

Wonhae manhi manhi manhi manhi
Wonhae manhi manhi manhi manhi manhi manhi
Wonhae manhi manhi manhi manhi
Wonhae manhi manhi manhi manhi manhi manhi

Apado dwae nal mukkeojwo naega domangchil su eopsge
Kkwak jwigo nal heundeureojwo naega jeongsin mot charige

Kiss me on the lips lips dulmanui bimil
Neoran gamoge jungdokdwae gipi
Niga anin dareun saram seomgiji moshae
Almyeonseodo samkyeobeorin dogi deun seongbae

Nae pi ttam nunmul nae majimak chumeul
Da gajyeoga ga
Nae pi ttam nunmul nae chagaun sumeul
Da gajyeoga ga

Wonhae manhi manhi manhi manhi
Wonhae manhi manhi manhi manhi manhi manhi
Wonhae manhi manhi manhi manhi
Wonhae manhi manhi manhi manhi manhi manhi

Nareul budeureopge jugyeojwo
Neoui songillo nun gamgyeojwo
Eochapi geobuhal sujocha eopseo

Deoneun domanggal sujocha eopseo
Niga neomu dalkomhae neomu dalkomhae
Neomu dalkomhaeseo

Nae pi ttam nunmul
Nae pi ttam nunmul",0.28318682312965393,0.10030383616685867,0.23571759462356567,0.27583691477775574,0.005324476398527622,0.050341587513685226,0.049288779497146606,0,0,92.9,0.89,0.61
BTS,I NEED U,"Fall (everything)
Fall (everything)
Fall (everything)
heuteojine
Fall (everything)
Fall (everything)
Fall (everything)
tteoreojine

neo ttaeme na ireohke mangajyeo
geumanhallae ije neo an gajyeo
mothagesseo mwot gataseo
jebal pinggye gateun geon samgajwo

niga nahante ireom an dwae
niga han modeun mareun andae
jinsireul garigo nal jjijeo
nal jjigeo na michyeo da sirheo
jeonbu gajyeoga nan niga geunyang miwo

But you're my everything (You're my)
Everything (You're my)
Everything (You're my)
jebal jom kkeojyeo huh

mianhae (I hate u)
saranghae (I hate u)
yongseohae

I need you girl
wae honja saranghago honjaseoman ibyeolhae
I need you girl
wae dachil geol amyeonseo jakku niga piryohae

I need you girl neon areumdawo
I need you girl neomu chagawo
I need you girl (I need you girl)
I need you girl [RM/JM] I need you girl

It goes round & round na wae jakku doraoji
I go down & down ijjeum doemyeon naega baboji
na museun jiseul haebwado eojjeol sugaeobtdago
bunmyeong nae simjang, nae maeum, nae gaseuminde
wae mareul an deutnyago
tto honjatmalhane (tto honjatmalhane)
tto honjatmalhane (tto honjatmalhane)
neon amu mal an hae a jebal naega jalhalge
haneureun tto parahge (haneureun tto parahge)

haneuri paraeseo haessari bitnaseo
nae nunmuri deo jal boina bwa
wae naneun neoinji wae hapil neoinji
wae neoreul tteonal suga eobtneunji

I need you girl
wae honja saranghago honjaseoman ibyeolhae
I need you girl
wae dachil geol amyeonseo jakku niga piryohae

I need you girl neon areumdawo
I need you girl neomu chagawo
I need you girl (I need you girl)
I need you girl [RM/JK] I need you girl

Girl charari charari heeojijago haejwo
Girl sarangi sarangi anieotdago haejwo
naegen geureol yonggigaeobseo
naege majimak seonmureul jwo
[JM/JK] deoneun doragal su eobtdorok

I need you girl
wae honja saranghago honjaseoman ibyeolhae
I need you girl
wae dachil geol amyeonseo jakku niga piryohae

I need you girl neon areumdawo
I need you girl neomu chagawo
I need you girl (I need you girl)
I need you girl [RM/JM/JK] I need you girl",0.2727487087249756,0.029438210651278496,0.20279063284397125,0.31231600046157837,0.03232692554593086,0.028009802103042603,0.12236973643302917,5,0,158.36,0.88,0.71
BTS,IDOL,"You can call me artist (artist)
You can call me idol (idol)
Anim eotteon dareun mwora haedo
I don’t care
I’m proud of it
Nan jayurobne
No more irony
Naneun hangsang nayeossgie

Songaragjil hae, naneun jeonhyeo singyeong sseuji anhne
Nareul yoghaneun neoui geu iyuga mwodeun gane
I know what I am
I know what I want
I never gon' change
I never gon' trade
(Trade off)

Mwol eojjeogo jeojjeogo tteodeureodaesyeo
I do what I do, geunikka neon neona jalhasyeo
You can’t stop me lovin’ myself

Eolssu johda
You can’t stop me lovin’ myself
Jihwaja johda
You can’t stop me lovin’ myself

Oh-oh-owoah
Oh-oh-owoah-owoah
Oh-oh-owoah
Deonggideok kungdeoreoreo
Eolssu
Oh-oh-owoah
Oh-oh-owoah-owoah
Oh-oh-owoah
Deonggideok kungdeoreoreo
Eolssu

Face off machi ousam, ay
Top star with that spotlight, ay
Ttaeron syupeohieoroga dwae
Dollyeodae neoui Anpanman
24sigani jeogji
Hesgallim, naegen sachi
I do my thang
I love myself

I love myself, I love my fans
Love my dance and my what
Nae soganen myeoch sib myeoch baegmyeongui naega isseo
Oneul tto dareun nal majihae
Eochapi jeonbu da naigie
Gominbodaneun gyang dalline
Runnin' man
Runnin' man
Runnin' man

Mwol eojjeogo jeojjeogo tteodeureodaesyeo
I do what I do, geunikka neon neona jalhasyeo
You can’t stop me lovin’ myself

Eolssu johda
You can’t stop me lovin’ myself
Jihwaja johda
You can’t stop me lovin’ myself

Oh-oh-owoah
Oh-oh-owoah-owoah
Oh-oh-owoah
Deonggideok kungdeoreoreo
Eolssu
Oh-oh-owoah
Oh-oh-owoah-owoah
Oh-oh-owoah
Deonggideok kungdeoreoreo
Eolssu

I’m so fine wherever I go
Gakkeum meolli doragado
It’s okay, I’m in love with my-my myself
It’s okay, nan i sungan haengbokhae

Eolssu johda
You can’t stop me lovin’ myself
Jihwaja johda
You can’t stop me lovin’ myself

Oh-oh-owoah
Oh-oh-owoah-owoah
Oh-oh-owoah
Deonggideok kungdeoreoreo
Eolssu
Oh-oh-owoah
Oh-oh-owoah-owoah
Oh-oh-owoah
Deonggideok kungdeoreoreo
Eolssu",0.45525282621383667,0.32495829463005066,0.043101079761981964,0.08749444037675858,0.005995976272970438,0.013934344053268433,0.06926313787698746,9,1,126.04,0.86,0.42
