artist,song,lyrics,neutral,fear,anger,sadness,surprise,joy,disgust,key,mode,tempo,energy,valence
Vetusta Morla,Copenhague,"El corria nunca le enseñaron a andar se fue,
tras luces palidas
Ella huia de espejismos y horas de mar
Aeropouertos unos vienen otros
se van igual que Alicias en ciudad
El valor para marcharse el miedo a llegar

Llueve en el canal la corriente
enseña el camino hacia el mar
Todos duermen ya
Dejarse llevar suena demasiado bien
Jugar al azar
Nunca saber donde puedes terminar o empezar

Un instante mientaras los turistas se van
Un tren de madrugada consiguio
trazar la frontera entre siempre o jamas

Llueve en el canal la corriente
enseña el camino hacia el mar
Todos duermen ya
Dejarse llevar suena demasido bien
Jugar al azar
Nunca saber donde puedes terminar o empezar
o empezar

Ella duerme tras el vendabal
se quito la ropa sueña con despertar
en otro tiempo y en otra ciudad
Dejarse llevar
Suena demasiado bien
Jugar al azar nunca saber
donde puedes terminar o empezar
terminar o empezar
terminar o empezar

(Gracias a Angela por esta letra)",0.515468180179596,0.26214486360549927,0.07433974742889404,0.04879346862435341,0.040469296276569366,0.03154830262064934,0.027236204594373703,9,1,92.96,0.74,0.48
Vetusta Morla,Valiente,"Tras de mi una escena y diez mil frases que repetir
Ya ves lo que es no es
Yo no voy a contar lo mejor a ocultar lo peor
Me pongo el mejor chaquet
No digo lo que digo , hago lo que no hago
Al revés , al revés porque
Ser valiente no es solo cuestión de suerte
A veces no soy yo
Busco un disfraz mejor
Bailando hasta el apagón
¡Disculpad mi osadía!
Tu también tienes que ver que nunca tengo mi papel
Nube gris riega todo el jardín,todo el jardín , todas las flores que no probé
No olvido los sueños vuelvo a lo que no acabó
No perdí no perdí porque ser valiente no es solo cuestión de verte
A veces no soy yo
Busco un disfraz mejor
Bailando hasta el apagón
¡Disculpad mi osadía!
Pensad que ya no estoy
Que el eco no es mi voz
Mejor aplaude y vamonos
Que termine esta función
¡Deme la voz!
¡Apuntador, deme la voz!

(Thanks to Cris for these lyrics and to Ilaria for these corrctions)",0.21596990525722504,0.2074611634016037,0.24461980164051056,0.051152199506759644,0.09478401392698288,0.12239424884319305,0.06361865252256393,4,0,140.02,0.9,0.57
Vetusta Morla,Sálvese Quien Pueda,"Puedo volver, callar, forzar la realidad.
Puedo doler, arrasar, sentir que no doy más.
Puedo escurrir, pasar, fingir que me da igual.
Puedo incidir, escapar, partirme y negociar la otra mitad
Puedo romper, olvidar, comerme la ansiedad.
Puedo salir, girar, ser fácil de engañar.
Puedo joder, encantar, llamarte sin hablar.
Puedo vencer, palmar, saber que sin vosotros duele más.
Puede ser que mañana esconda mi voz por hacerlo a mi manera.
¡Hay tanto idiota ahí fuera!
Puede ser que haga de la rabia mi flor y con ella mi bandera.
¡Sálvese quien pueda!
Puedo torcer, lanzar, perderme en la obviedad.
Puedo servir, cansar, saber que sin vosotros duele más.
Puede ser que mañana esconda mi voz por hacerlo a mi manera.
¡Hay tanto idiota ahí fuera!
Puede ser que haga de la rabia mi flor y con ella mi bandera.
¡Sálvese quien pueda!

(Gracias a Petalo_marchito por esta letra)",0.08443743735551834,0.10237197577953339,0.58074951171875,0.026723571121692657,0.0032280911691486835,0.016515512019395828,0.18597394227981567,6,0,132.05,0.87,0.34
Vetusta Morla,Maldita Dulzura,"hablemos de ruina y espina
hablemos de polvo y herida
de mi miedo a las alturas
lo que quieras pero hablemos

de todo menos del tiempo
que se escurre entre los dedos

hablemos para no oirnos
bebamos para no vernos
hablando pasan los dias
que nos quedan para irnos
yo al bucle de tu olvido
tu al redil de mis instintos

maldita dulzura la tuya
maldita dulzura la tuya
maldita dulzura la tuya

me hablas de ruina y espina
te clavas el polvo en la herida
me culpas de las alturas
que ves desde tus zapatos

no quieres hablar del tiempo
aunque este de nuestro lado
y hablas para no oirme
y bebes para no verme
yo callo y rio y bebo
no doy tregua ni consuelo
y no es por maldad lo juro
es que me divierte el juego

maldita dulzura la mia
maldita dulzura la mia
maldita dulzura la mia

maldita dulzura la nuestra",0.4588213562965393,0.10834068059921265,0.15171082317829132,0.1342538595199585,0.05656467378139496,0.06180494651198387,0.028503553941845894,4,0,182.89,0.51,0.47
Vetusta Morla,La marea,"La marea me dejó arenas de plata, que pondré en el reloj, el tiempo que no pasa.

La marea me dejó islas inundadas, donde atrapar con mi red una historia de piratas.

La marea me dejó la piel cuarteada, la miel en los labios, las piernas enterradas (bis)

La marea me dejó aromas de barro, algas tejidas en forma de desengaño.

La marea me dejó unas conchas sin nombre, con que un niño hizo un collar de un alfabeto que no entiende el hombre.

La marea me dejó la piel cuarteada, la miel en los labios, las piernas enterradas (bis)

La marea me dejó cangrejos salados, burbujas de hielo y un libro en blanco.

La marea me dejó los versos borrados, la tinta, un borrón, un papel mojado.

La marea me dejó la piel cuarteada, la miel en los labios, las piernas enterradas (bis)

(Thanks to Cris for these lyrics)",0.797743558883667,0.04380888491868973,0.03440919518470764,0.019985131919384003,0.021441875025629997,0.03244509547948837,0.05016631260514259,2,0,79.92,0.36,0.21
Vetusta Morla,Al respirar,"He dejado en el sillín las pinturas y una historia en blanco.
No hay principio ni final, sílo lo que quieras ir contando.

La burbuja en que crecí nos vendií comodidad y un nudo entre las manos.
Yo escogí la ambigíedad, el fantasma lo real, todo en el mismo barco, no sí si equivocado...

Y al respirar propongo ser quien ponga el aire, que al inhalar, me traiga el mundo de esta parte.

He dejado en el sillín las pinturas y una historia en blanco.
Yo me marcho a otro lugar, puede que el viaje sea largo.
Yo escogí la ambigíedad, el fantasma lo real, todo en el mismo barco, no sí si equivocado... ooh aaah

Y al respirar propongo ser quien ponga el aire, que al inhalar, me traiga el mundo de esta parte.

Al respirar, si no respiro es por no ahogarme.
Si huele mal, tal vez sea lo mejor marcharse...

Na na na na aaaah

Intenta no respirar...
Intenta no respirar...
Intenta no respirar...
Intenta no respirar...

aaaaah...

(Thanks to Cris for these lyrics)",0.5000236630439758,0.22504378855228424,0.034461937844753265,0.06856156885623932,0.04387548938393593,0.01963120512664318,0.10840235650539398,7,0,82.15,0.5,0.14
Vetusta Morla,Un día en el mundo,"Por el día nos encierran en sus jaulas de cemento y aprendemos del leín.

Por las noches atrapamos corazones axfixiados y disparos en su honor...

Mírame, soy feliz, tu juego me ha dejado así.
Consumir, producir, la sangre cubre mi nariz.
No sí dínde quedí el rumor que nos vio nacer. Pagí la jaula al domador.

Dilatamos las pupilas en encuentros con sirenas con las piernas de neín, y blasfemamos por dios, prometemos por vos, machacamos nuestros cuerpos prietos por un sueío de cartín.

Mírame, soy feliz, tu juego me ha dejado así.
Disfrazar, seducir, ponerme guapo para ti.
No sí dínde quedí el rumor que nos vio nacer, pagí la jaula al domador.

Mírame, soy feliz...
Mírame, tu juego me ha dejado así...
Mírame...
íQuí hago aquí?
Mírame...
Tu juego me ha dejado así.

No sí quí fue de aquel rumor que nos vio crecer, siendo la carne del leín.

Mírame, soy feliz, tu juego me ha dejado así.
Engaíar, seducir, ponerme guapo para ti.
No sí dínde quedí el rumor...
Pagí la jaula al domador.

Mírame, soy feliz, mírame, tu juego me ha dejado así

(Thanks to Cris for these lyrics)",0.5572441816329956,0.03286184370517731,0.209115669131279,0.01717902347445488,0.013876335695385933,0.009737222455441952,0.15998566150665283,2,1,92.02,0.86,0.34
Vetusta Morla,Los Días Raros,"Ábrelo, ábrelo despacio.
Di, ¿qué ves?. Dime, ¿qué ves? .. ¿si hay algo?;
un manantial breve y fugaz entre las manos.

Toca afinar, definir de un trazo ..
Sintonizar, reagrupar pedazos ..
en mi colección de medallas y de arañazos.

Ya está aquí ..
¿Quién lo vio bailar como un lazo en un ventilador ..?
¿Quién iba a decir que sin carbón no hay reyes magos ..?

Aún quedan vicios por perfeccionar en los días raros,
los destaparemos en la intimidad con la punta del zapato.

Ya está aquí ..
¿Quién lo vio bailar como un lazo en un ventilador ..?
¿Quién iba a decir que sin borrón no hay trato ..?

El futuro se vistió con el traje nuevo del emperador.
¿Quién iba a decir que sin carbón no hay reyes magos ..?

Nos quedan muchos más regalos por abrir,
monedas que al girar .. descubran un perfil.
Ya empieza el celofán .. y acaba en eco!!!",0.5108501315116882,0.10740101337432861,0.0665462464094162,0.024984506890177727,0.21458125114440918,0.012867576442658901,0.06276920437812805,4,1,90.11,0.44,0.05
