artist,song,lyrics,neutral,disgust,anger,fear,surprise,sadness,joy,key,mode,tempo,energy,valence
Miranda!,Don,"Quiero saber que me pasa, te pregunto, que me pasa?
Y no sabes que contestarme por que claro de seguro te marié.
Con mis idas y vueltas, te canse con mi cámara lenta.
Y aunque trato nunca puedo apurar mi decisión.

En el preciso momento en que todo va cambiando para mi.
En ese instante, te aseguro, que alguna señal te di.
Pero no me escuchaste, tal vez sin intención de tu parte.
Puede ser un poco débil el sonido de mi voz.

Hoy, una mañana te veré llegar.
Y descubriré que yo solo ya no estoy mejor.
Y te pediré que me acompañes.
Adonde en verdad no se, dime que si, ""miénteme""
Podría ser que al final rompiste el cristal en mi.
Podría pasar que me hagas hablar.
Yo creo que tienes el DON de curar este mal.

Siento que debo encontrarte y sin embargo paso el tiempo yéndome.
Hacia mi mismo, a mi centro que jamás encontrare.
Yo quisiera tenerte y tratarte de un modo decente.
Pero ves que ya no puedo despegar de mi papel

Debo de tranquilizarme y jugar al juego que me prepones.
Bajo la guardia, te recibo y me abrigo de tu piel.
El destino me ha hablado, corazones desequilibrados.
Tu palabra me nivela y detiene mi caer.

Hoy, una mañana te veré llegar.
Y descubriré que yo solo ya no estoy mejor.
Y te pediré que me acompañes.
Adonde en verdad no se, dime que si, ""miénteme""
Podría ser que al final rompiste el cristal en mi.
Podría pasar que me hagas hablar.
Yo creo que tienes el DON de curar este mal.

Eso solo, es la guitarra de Lolo.

Podría ser que al final, rompiste el cristal en mi.
Abriste mi piel que estaba tan mal.
Quebraste el silencio que me hizo alejar.
""Quizás seas tu quien me haga regresar""
Intuyo que sabes la forma mejor,
Y tienes el DON que requiere curar este mal.",0.6134731769561768,0.10947214812040329,0.10438027232885361,0.09945405274629593,0.031170086935162544,0.027341365814208984,0.014708826318383217,6,1,119.96,0.74,0.95
Miranda!,Perfecta,"Tan pronto yo te vi
No pude descubrir
El amor a primera vista no funciona en mí
Después de amarte comprendí
Que no estaría tan mal
Robar tu otra mitad
No me importó si arruinaríamos nuestra amistad
No me importó, ya que más da

Éramos tan buenos amigos hasta hoy
Que yo probé tu desempeño en el amor
Me aproveché de que habíamos tomado tanto
Fuiste dejando y te agarré
A pesar de saber que estaba todo mal
Lo continuamos hasta juntos terminar
Cuando caímos en lo que estaba pasando
Seguí besándote

Solo tú, no necesito más
Te adoraría lo que dura la eternidad
Debes ser perfecta para
Perfecto para
Perfecta para mi, mi amor
Como fue que de papel cambié
Eres mi amiga y ahora eres mi mujer
Debes ser perfectamente
Exactamente
Lo que yo siempre soñé

El tiempo que paso
Resultó aún mejor
Nos conocíamos de antes y sabíamos
Lo que queríamos los dos
Entonces el amor
Nos tiene de revés
Seré tu eterna enamorada, te aseguro que
Todas las noches te amaré

Éramos tan buenos amigos hasta hoy
Que yo probé tu desempeño en el amor
Me aproveché de que habíamos tomado tanto
Fuiste dejando y te agarré
A pesar de saber que estaba todo mal
Lo continuamos hasta juntos terminar
Cuando caímos en lo que estaba pasando
Seguí besándote

Solo tú, no necesito más
Te adoraría lo que dura la eternidad
Debes ser perfecta para
Perfecto para
Perfecta para mi, mi amor
Como fue que de papel cambié
Eres mi amiga y ahora eres mi mujer
Debes ser perfectamente
Exactamente
Lo que yo siempre soñé (x3)",0.41007155179977417,0.08266355097293854,0.1191612184047699,0.21856074035167694,0.045227985829114914,0.060366809368133545,0.06394824385643005,0,1,169.94,0.73,0.84
Miranda!,Tu Misterioso Alguien,"Hay alguien en tu vida que esta transformandote.
Hay alguien que ha cambiado en ti la forma en que te ves.
Hay alguien nuevo que se aparecio
y que tu corazon robo.
Ya lo se.
Solo dime quien es?

Quien Es Tu nuevo amor?
Tu nueva ocupacion?
Tu misterioso Alguien
A quien has ocultado de mi todo el tiempo
para no matarme.

Quien es tu seductor?
Tu rey y tu peon?
Quien ocupo el lugar que siempre ocupe yo?
Tu misterioso alguien
Me robo.

Ahora te despiertas y preparas un café
Desde que me he enterado yo no puedo ni comer.
Cariño, no soporto estar sin ti,
pero parece que tu si.
Quien es el?
Dime, lo matare!

Quien Es Tu nuevo amor?
Tu nueva ocupacion?
Tu misterioso Alguien
A quien has ocultado de mi todo el tiempo
para no matarme.

Quien es tu seductor?
Tu rey y tu peon?
Quien ocupo el lugar que siempre ocupe yo?
Tu misterioso alguien
Me robo.

(Quiero saber quien es)
Y no me animo a preguntarte por el
porque seria peor.
(A veces es mejor)
Dejar todo correr.
Quien es tu nuevo amor?
a quien has ocultado.

Quien es tu seductor?
Tu rey y tu peon?
Quien ocupo el lugar que siempre ocupe yo?
Tu misterioso alguien
Me robo.

Tu misterioso alguien
Me robo.

(Gracias a Laura por esta letra)",0.6601725816726685,0.056552015244960785,0.054357293993234634,0.08682217448949814,0.11705536395311356,0.01780061423778534,0.007239974103868008,5,1,115.99,0.79,0.68
Miranda!,Traición,"Tan grande es el miedo que yo siento cuando te vas
Temo que no vuelvas más pero siempre regresarás
Muchas dudas que no me dejan en paz
Adoro estar junto a ti pero a veces me cansas
Brotan mil preguntas con respecto a nosotros dos
Odio hacer balance de si estamos mejor o no
Cada cosa nueva no es nueva y ya se probó
Todo se volvió lineal y así no lo quiero yo
Eso siento y no sé si decírtelo
Conozco lo mal, conozco lo vil
conozco lo horrible que te hice sentir
Me apena que este que este saliendo al revés
pero sin embargo me quedo
podrías decir con todo razón que fue demasiado tiempo que yo
tarde para hablarte, que te traicione
Quiero que me mires y que me digas la verdad
¿Hace cuanto tiempo ya que lo hacemos todo igual?
En un punto yo siento que te engañe
pero creo, corazón, que no me arrepentiré
Para eso hubiera sido mejor
ser un poco prudente con nuestro amor
Conozco lo mal, conozco lo vil
conozco lo horrible que te hice sentir
Me apena que este que este saliendo al revés
pero sin embargo me quedo
podrías decir con todo razón que fue demasiado tiempo que yo
tarde para hablarte, que te traicione
Que te traicioné, que obré sin pensar
que eras vulnerable tal vez por demás
Imbécil de mi, que no percibí que estaba metido adentro de ti
Te juro por dios que nunca busqué haber provocado
el mal que te causé
Ahora cambié, ahora ya se y todo termina
Conozco lo mal, conozco lo vil
conozco lo horrible que te hice sentir
Me apena que este que este saliendo al revés
pero sin embargo me quedo
podrías decir con todo razón que fue demasiado tiempo que yo
tarde para hablarte, que te traicione.",0.014945588074624538,0.055647458881139755,0.028502997010946274,0.8548710942268372,0.00779714435338974,0.031392838805913925,0.0068428535014390945,9,0,132.0,0.89,0.84
Miranda!,Yo te diré,"Bésame
tan extraño es
tienes el sabor
de lo equivocado
Debe ser
que desde hace un mes
todo entre los dos
se nos ha mezclado
Y ahora es como si recién te conociera.
Eres fresca y en el viento
te haces brisa cuando llegas
Yo te diré lo que podemos hacer
amémonos a escondidas, nena
Estemos dónde nadie esté
Hagamos de nuestro amor
el secreto más profundo
aunque lo cante todo el mundo
y qué!!!!
Nunca lo podrán saber
pongamos mucho cuidado
en lo que hacemos
y delante de quién
Es solo cuestión de ver
y hablando como si nada
que nos escapemos te propondré
Como ves
lo que sucedió
aunque haga que no
me está preocupando
Y a la vez
verte sonreír
tu sonrisa en mil
siempre te distingue
El placer de hacer exacto lo incorrecto
La paródica alegría de oponernos ante el resto
Yo te diré lo que podemos hacer
amémonos a escondidas, nena
Estemos dónde nadie esté
Hagamos de nuestro amor
el secreto más profundo
aunque lo cante todo el mundo
y qué!!!!
Nunca lo podrán saber
pongamos mucho cuidado
en lo que hacemos
y delante de quién
Es solo cuestión de ver
y hablando como si nada
que nos escapemos te propondré.",0.37984251976013184,0.06778882443904877,0.14375010132789612,0.2157468944787979,0.08983927965164185,0.055379267781972885,0.047653112560510635,11,0,127.02,0.98,0.94
Miranda!,Hola,"Hola que tal como te va
que frase mas vulgar
con la que me voy a presentar

Cual mano le toco el bombom
yo sé que estas ahi
y de una otra forma
seguro te vas acercar a mí

Quiero conocerte
cambiarías un poquito de mi suerte
sigue la corriente
el instinto de tu piel nunca te miente

El dico de mi mente
se resiente con tu corazón
el disco de tu corazón
el disco de tu corazón
no ves que es necesario
terminar en una habitación
invítame a tu habitación

Si no tiene nada que ver
por dios discúlpame
no se ni como tuve tu fe
de proponermelo de hacer
a la primera vez
tan facil es decirlo
que no va ser tan facil de seder

Quiero conocerte
cambiarías un poquito de mi suerte
sigue la corriente
el instinto de tu piel nunca te miente

El dico de mi mente
se resiente con tu corazón
el disco de tu corazón
el disco de tu corazón
no ves que es necesario
terminar en una habitación
invítame a tu habitación

Pasemos a lo bueno
desaste de tu ropa
y dime
muñeca te lo ruego
agitame la boca
y dime

Quiero conocerte
cambiarías un poquito de mi suerte
sigue la corriente
el instinto de tu piel nunca te miente

El disco de tu corazón
el disco de tu corazón

invitame a tu habitación ya!

el disco de tu corazón
el disco de tu corazón
el disco de tu corazón
el disco de tu corazón
el disco de tu corazón
el disco de tu corazón
el disco de tu corazón
el disco de tu corazón

pasemos a lo bueno
desaste de tu ropa
y dime
muñeca te lo ruego
agitame la boca
y dime
pasemos a lo bueno

(Gracias a Fanny por esta letra)",0.07494252920150757,0.5319064855575562,0.18703420460224152,0.06067585572600365,0.023248709738254547,0.035645827651023865,0.0865464136004448,7,0,121.01,0.74,0.96
Miranda!,Mentía,"Digámoslo, que se sienta en la piel,
Aquella noche nada salió muy bien.
Quisiste dar un paseo con él,
Que mala idea hacerlo donde yo esté.

No nos tenemos ni un poco de amor
Y sin embargo esto no se terminó.
Y ahora pasamos de mal a peor,
Y si hoy te veo con él, los mato a los dos.

Es un decir, no es literal,
Pero quisiera hacerlo en realidad,
Lo celos ya son para mi algo difícil de llevar.

Mentía cuando te decía quédate tranquila, corazón,
Nos separaremos en términos buenos,
Vuelvo con mi vida, soy buen perdedor.

Y ahora te sigo a toda hora,
Tengo que saber con quien estás,
No es nada positivo y se vuelve adictivo,
Y yo pensé que a mi no me podía pasar.

Quiero tenerte conmigo otra vez, y si te tengo,
Se que te dejaré, hay algo en ti que nunca aguantaré
Y es eso mismo lo que me hace volver.

Quisiera verte y parar de pensar
con quien estuviste la noche anterior,
ya tengo que poder disimular,
verte con otro y no tratarte peor.

Como lo ves nada cambio,
Desde ese día que nos separó
Te seguiré, me humillaré,
Por el momento es lo que haré.",0.4182295501232147,0.18775218725204468,0.07283321768045425,0.20598146319389343,0.018283607438206673,0.05745327100157738,0.03946678712964058,11,1,132.01,0.74,0.96
