artist,song,lyrics,sadness,neutral,fear,disgust,anger,surprise,joy,key,mode,tempo,energy,valence
Mac DeMarco,Chamber of Reflection,"Spend some time away
Getting ready for the day
Upon again

Spend some time alone
Understand is on your run
With a better man
Alone again

Alone again
Alone again
Alone again
Alone

Now use looking out
It's within that brings that

Lonely feeling

Understand when you leave here
You be clear
Among a better man
Alone again

Alone again
Alone again
Alone again
Alone

Alone again
Alone again
Alone again
Alone",0.903935968875885,0.03622408211231232,0.03147876635193825,0.01140547078102827,0.006861301604658365,0.006509936880320311,0.003584466176107526,11,1,131.03,0.56,0.51
Mac DeMarco,My Kind of Woman,"Oh baby, oh man
You're making my crazy, really driving me mad
That's all right with me, it's really no fuss
As long as you're next to me just the two of us

You're my, my, my, my kind of woman
My, oh my, what a girl
You're my, my, my, my kind of woman
And I'm down on my hands and knees
Begging you please, baby, show me your world

Oh brother, sweetheart
I'm feeling so tired realling falling apart
And it just don't make sense to me, I really don't know
Why you stick right next to me or wherever I go

You're my, my, my, my kind of woman
My, oh my, what a girl
You're my, my, my, my kind of woman
And I'm down on my hands and knees
Begging you please, baby, show me your world",0.3545114994049072,0.06080920249223709,0.14736667275428772,0.08352513611316681,0.05357487499713898,0.28620290756225586,0.014009700156748295,6,0,91.77,0.77,0.46
Mac DeMarco,For the First Time,"While she's been away
Living day-to-day has been tough
I found her at my side
Simply being alive has been rough

Know she won't be gone forever
There are many times I find it feels that way
And I'm not trying to forget her
Just understand how I'll be feeling on that day

It's just like seeing her for the first time again
It's just like seeing her for the first time again

The time she's not around
Somewhere out-of-town has been hard
But somehow this old heart found time to work it out this far

No, I know she's coming home soon
There are times I find it hard to feel that way
It's not inside me to forget her
Just understand how I'll be feeling on that day

It's just like seeing her for the first time again
It's just like seeing her for the first time again

It's just like seeing her for the first time again
It's just like seeing her for the first time again",0.7611562609672546,0.06063138321042061,0.10559792071580887,0.02809344418346882,0.006182847544550896,0.016149630770087242,0.02218855358660221,5,0,75.52,0.53,0.52
Mac DeMarco,Heart to Heart,"To all the days we were together
To all the time we were apart
Of each other's lives, heart to heart
And so I had a late arrival
So we never saw the start
Of each other's lives, heart to heart

Heart to heart, heart to heart
Heart to heart, heart to heart

And though it seems so quick and easy
Sentimentally assumed
Walking parallels, heart to heart
To all the days we were together
To all the time we played apart
In each other's lives, heart to heart

Heart to heart, heart to heart
Heart to heart, heart to heart
Heart to heart, heart to heart
Heart to heart, heart to heart

Weo! Weo! Weo! Weo!",0.23717962205410004,0.257315993309021,0.17828716337680817,0.03081420063972473,0.038538042455911636,0.22931624948978424,0.02854876220226288,8,0,150.08,0.14,0.64
Mac DeMarco,Freaking Out the Neighborhood,"Sorry, mama
There are times I get carried away
Please, don't worry
Next time I'm home, I'll still be the same

And I know it's no fun
When your first son
Gets up to no good
Starts freaking out the neighborhood

Really, I'm fine
Never been better, got no job on the line
Sincerely, don't worry
Same old boy that you hoped you would find

And I know it's no fun
When your first son
Gets up to no good
Starts freaking out the neighborhood",0.21550558507442474,0.07026564329862595,0.5985140800476074,0.00945495069026947,0.05123847350478172,0.041127949953079224,0.01389329694211483,8,0,143.3,0.83,0.85
Mac DeMarco,Moonlight on the River,"I'd say, see you later, if I thought I'd see you later
And I'd tell you, that I loved you, if I did
It's so strange, deciding, how to feel about it
It's such strange, emotion, standing there beside it

I'm home, with moonlight on the river, saying my goodbyes
I'm home, there's moonlight on the river, everybody dies

I'd say, see you next time, if I thought there were a next time
Easy conversation, ain't exactly where we're at
It's so strange, deciding, how I feel about you
It ain't like, I ain't used, to going on without you

I'm home, with moonlight on the river, saying my goodbyes
I'm home, there's moonlight on the river, everybody dies
I'm home, with moonlight on the river, saying my goodbyes
I'm home, there's moonlight on the river, everybody dies",0.021021736785769463,0.10868570953607559,0.40322619676589966,0.09294180572032928,0.007613552734255791,0.35252058506011963,0.013990465551614761,9,1,139.98,0.48,0.43
Mac DeMarco,Still Beating,"I never meant to make her cry
And now I'm seeing tears in her eyes
Half and half, make-believe
'Cause so she thought that my heart was on my sleeve

Honey, I cried too
You better believe it
Honey, my heart still beats for you
Even though you don't feel it
Beating

I never thought some silly songs
Could ever go and hurt someone
I never meant to sing my tune
For anybody else out there but you

Honey, I cried too
You better believe it
Honey, my heart still beats for you
Even though you don't feel it

Honey, I cried too
You better believe it
Honey, my heart still beats for you
Even though you don't feel it
Beating",0.908130943775177,0.031822606921195984,0.004040232859551907,0.0030760238878428936,0.006643925793468952,0.038177356123924255,0.008108850568532944,1,0,78.48,0.5,0.47
Mac DeMarco,No Other Heart,"Is it true?
You've been feeling sort of low these days
Just don't have a place to go these days
Must be bringing you down

If it's so
Then come on give this lover boy a try
I'll put the sparkle right back in your eyes
What could you lose?

Well for one, her heart belongs to another
And no other heart will do

Is it wrong? To think my love could really help you out
It's simply just my stubborn heart no doubt, ramping away
If it's not

Then come on give this lover boy a try
I'll put the sparkle right back in your eyes
What could you lose?

Well for one, her heart belongs to another
And no other heart will do
Well for one, her heart belongs to another
And no other heart will do",0.9278309941291809,0.030495721846818924,0.012092260643839836,0.011184819974005222,0.010011853650212288,0.00722457654774189,0.0011597748380154371,2,1,94.26,0.68,0.85
