artist,song,lyrics,anger,disgust,neutral,fear,sadness,surprise,joy,key,mode,tempo,energy,valence
Freddie Gibbs,Something to Rap About,"Bitch
Nigga
Nigga bitch
Oogie-boogie nigga
Sniff it up
Fuck nigga came to my section on Sunday, didn't even bring shit or bottles, just ate, drank and dipped, fuck nigga
Ayy, ayo

Scammin' niggas maxin' out, ratchet bitches actin' out
God made me sell crack, so I had somethin' to rap about
Lobster lollipops and crustaceans, ho what you mad about?
I fucked you twice in Vegas, that pussy wasn't shit to brag about
And I can't draw for shit, but I knocked a bitch that I paid to sit
Magnums and some sweet Airmatics, yeah, bitch I came equipped
I'm don't do no sucker shit, no ho mistletoe and Christmas exchanging gifts
She don't like it, bitch can punch out, niggas be changin' shifts, yeah
You niggas bringin' out the old me (Old me)
I'm tryna live to 93 and see the old me
When I touched that crack, I let them crackers take control of me
Serve the piece, caprice, ain't got no heat, man, it was cold G
Record labels downed me forty thousand on my first advance
Fucked up on my taxes, IRS kept me on payment plans
Crime fuckin' pays, but once you paid, you gotta pay the man
Straight survival, right hand on the Bible, I won't take the stand, yeah
VL niggas trap it out
Lord let me hit this ho, so I have something to rap about
Been through shit with hoes that I look back and I can laugh about
This shit wasn't no joke, sittin' in that cage, this shit was draggin' out
Diego trippin' cause I'm sittin', ain't no package out
You robbed the plug, kicked in the door and cleaned the mattress out
Right back in the trap, these niggas bringin' out the old me
I'm tryna live to ninety-three to see the old me

Ayo
Nail is in the coffin, Freddie sent me this shit
This sound like the boat I haven't bought yet
This sound like the moment I jump off it
Sun shinin', cold water, feelin' in my pocket
This lake water better than the faucet I grew up with
We hold our breath like grudges 'til we nauseous
We hop out, let the sun dry us, like raisins
We get dressed in some Gucci or Lacoste, shit it's amazing
We look like Polo ads but skin is dark and-
I gotta move cautious, 'cause niggas malicious, they come from the trenches
I used to be a Goblin under them bridges, now I'm a businessman
I started gettin' mula as young and now I got bigger hands
To hold them, if I got too much on me, I know my niggas can
I keep my circle tight like tops, nothin' corn, no crops
You messy and get cleaned up with the mop
I went to school and I ain't miss it a lot
So I can be around niggas like you and learn how to keep my distance
I, cut some niggas off on some hater shit niggas said to me
R.I.P. T's 'cause these motherfuckers is dead to me
Nail is in the coffin murder, murder
I'm sick of y'all niggas and I ain't coughin', I know me
Y'all often anxious, lost in y'all thoughts and I don't relate
So keep that energy away from me
Don't blame me, 'cause you ain't got it figured out
You ain't got the bigger house, the jig is up
You jealous dawg, my afro long, I'll pick it out
Like cotton on some basic, shit is off
We ain't adjacent
I'm grounded like the pavement, we ain't linkin' like the bracelet broke
Better get your wrist that hold, on that thought, you gettin' gold
The fuck away, 'cause niggas'll get they faces broke
I just got a thumbs up and niggas go like ""Good job""
You better find a shoe store and get your sole
Get it quick and slip it on
And I'll be in Mykonos, lemonade, sippin' slow
Jumpin' in the water off that boat I haven't bought yet (Bitch)

One take
Let me hear that
I meant to say Mykonos (haha)
I think a thing is dying from alcohol but I'm afraid
But if you write dope shit, it doesn't do any good what you die
It is to teach these parents to be civilized people, becau-",0.6055351495742798,0.2674139440059662,0.038288217037916183,0.03075033240020275,0.029306989163160324,0.015617737546563148,0.01308755949139595,5,1,56.05,0.52,0.41
Freddie Gibbs,1985,"My brother said, ""Don't say that""
I said, ""Fuck that, I'm gon' get a whoopin' anyway!
It don't make no goddamn difference.""
Fuck that, I'm not goin' to find shit
What your mom say? ""Take the garbage out, what the fuck?""
(Yeah) Yeah, don't lose the beat motherfucker
Take the garbage out
Yeah-yeah, I just upped the flows to the God level, nigga, what
Yeah
Yeah-yeah
Finna up the flows to the God level, nigga, what
Yeah, check-check
Yeah, mic check-check
Yeah, nigga, check-check
Yeah, bitch, check-check
Yeah, yeah

Quarter thang to a whole thang, whole gang workin' (Yeah)
Hit a bitch with that extended clip or that revolver
Shit'll serve the same purpose (Bang, bang)
Geekers beamin' up to Scotty in my crack lobby
I can smell the 'caine burnin'
Michael Jordan, 1985, bitch, I travel with a cocaine circus
Put them F'in Xs on your clowned ass
Catch a nigga up and leave him down bad
I go get a pack and take a nigga town
And fuck his bitches with my out-of-town ass
Bomb on niggas like Nagasaki
Rocket next to my pocket, hot like hibachi
Drop the check on the bitch
Man, these niggas be lookin' like baby mommas in these Maseratis
Bitch, I fuck up your face with a razor
How I make sure your motherfuckin' family can't view your body
Nigga thuggin' and shit, put my blood in this shit
Prick my finger, Alfredo, Illuminati (Illuminati)
Joe Pesci, push your product
You niggas is sweeter than Joe Exotic
On the run like Assata, so fuck the police
As a nigga be chillin' in the hotbox (Hoppin' out the box)
Police caught him with a whole thang
Now they snitchin' man, whole gang workin'
Gangland, made a lane in it
Dip my name in it, it's some gang murder
All my reps in the crack files, bitch, I got 'em up out the vault
I'm the reason your mama be smokin' that Brillo and be rippin' them contenders off (Them contenders off)
Geekers beamin' up to Scotty in my crack lobby
I can smell the 'caine burnin'
Gangland, if you put a hit on Freddie 'caine it'll be a gang murder
1985, Michael Jordan, bitch, I travel with a cocaine circus
Flow God level, like when HOV speak
I make a song weep, I got the game hurt

Bitch, yeah-yeah
Flow God level, like when HOV speak
I make a song weep, I got the game hurt
Yeah, yeah-yeah
Yeah, check-check
Check-check
Mic check-check
Check-check
Niggas need a check-check, yeah
We got everybody in the house, tonight
I'll wait for my DJ to get ready
Nah",0.7717296481132507,0.14564256370067596,0.01949153281748295,0.04188942536711693,0.009358629584312439,0.007529242429882288,0.004358890000730753,0,0,130.4,0.6,0.36
Freddie Gibbs,Crime Pays,"Yeah, yeah, crime pays
Crime pays, yeah, yeah
Yeah

Crime pays, nigga, crime pays
Choppin' up the change wit' cocaine in my microwave
Made it through my home wit' my lights out I seen brighter day
Watch this shit get me high, boy, you live and you die by this game
Homeboy just caught HIV, he lived and he died by his hoe
Have we ever hit the same bitch before? Ain't nobody know
Have we ever hit the same bitch before? Wasn't nobody business
Niggas be fucking these hoes and say, ""Fuck insurances and doctor visits""

Fly like the wind, it's time to begin your life
(Say, ""Fuck insurance and doctor visits"")
You got control to stop again and do it right
Look to the sky and you will feel how to live a life that's real
To the perfect harmony, when the spirit is free
(Yeah, yeah)

Crime pays, nigga, crime pays
Choppin' up this change with cocaine in my microwave
Diamonds in my chain, yeah, I slang but I'm still a slave
Twisted in the system, just a number listed on the page
Made it through my whole month with my lights out, I seen brighter days
Watch this shit get knee high, boy, you live and you die by this game
Bitch, don't touch my body
'Cause I put your body all off in a body sling
You ain't gon' hurt nobody
Go body for body but we the body gang
The ho that you brought out to Cali
Boy she only fuckin' with you 'cause you fuckin' with Kane
Thought she was boostin' her credit
With niggas like you that just ain't got enough on their name
Thought I would front you another one
Niggas like you that just ain't got enough on the books
Talkin' that shit in the booth but when niggas come shoot at you
You couldn't do nothin' but look
My niggas done bust a four nickel on your nigga
Bust him, now he on a shit bag
His homie done borrowed a car and he got it shot up
Now I know that his bitch mad
He steadily called up my phone and you huffin' and puffin'
'Cause they at your bitch, duckin'
And Roccett done went and bought Jeezy a pair of new shoes
That nigga was dick-suckin', yeah

(Dick suckin'-ass nigga)
Fly like the wind, it's time to begin your life
(That nigga was dick suckin')
You've got control to start again and do it right
Look to the sky and you will feel how to live a life that's real
Truth and perfect harmony, when the spirit is free

Crime pays, nigga, crime pays
Yeah, crime pays, nigga, crime pays
Crime pays, nigga, crime pays",0.7936092615127563,0.1151062622666359,0.03707114979624748,0.022502753883600235,0.015268432907760143,0.010978284291923046,0.005463877227157354,6,1,146.94,0.7,0.78
Freddie Gibbs,High,"How's everybody doin' tonight?
(Alright) Haha right? I like that
Just play our tape
Live for the whole block niggas right now
'Cause we get all that

Endo, kushed out
Trillest nigga Linda ever pushed out
Never finished college like my brother or my sister
I was in the crib, laying on a kush cloud
Getting zoned out, eyes red
Momma and my daddy said my mind dead
They said I never had a clue, said the bills past due
Fuck you, nigga, you gotta remind Fred
'Cause I'm carefree, sucker-free
Remember when these niggas wouldn't fuck with me?
But now I'm on the screen and these magazines
They be trying to stop a nigga like: Smoke something, G
Can we get a couple grams? Nigga, hell, naw
Unless you come in with the cash, tried to tell y'all
I got you motherfuckers gassed on the smell, dawg
So go 'head and take a hit of what I'm 'bout to sell y'all
I gets high

I get high, I get high, I get high (I, I, I gets high)
I get high, I get high, I get high (I, I, I gets high)
I get high, I get high, I get high (I, I, I gets high)
I get high, I get high, I get high (I, I)

I get so blowed, I can't stand up
I'm in the bed with Elise and Amanda
'Cause in my shows I make them hoes put they hands up
So they came back to my room to getting rammed up
We trying to slam or what? Because I'm trying to smoke
So when I finish with these Swishers, I'll be down your throat
And two of y'all, one of me, three of us
Should I hit my niggas up? Hell naw, I'ma pound them both
'Cause this a one-man job, ain't no need for the crew
Two snow bunnies on their knees, what it do?
White snow in the crib if you need that too
Got some bitches and some bud, nigga, bring that through
I gets high

I get high, I get high, I get high (I, I, I gets high)
I get high, I get high, I get high (I, I, I gets high)
I get high, I get high, I get high (I, I, I gets high)
I get high, I get high, I get high (I, I, I gets high)

Early in the morning, getting high with crusty eyes
Rubbing on a mother, well you know it's do or die
Hopping off the porch, had to get on my grind
All because the trouble just copped to my nine
Back in the Caddy, smoking Swishers with my nigga
Make a store run, 'bout to cop-out some liquor
Burning down basements, face it
Run a bus stop, I'm trading hoes and you know we ain't paying
Midwest livin', oven open in the kitchen
Heating up the house where your shit could come up missing
Dope fiend tripping 'cause he just copped a nick
But he say he can't find it, but it's right in his pocket
All-day long, gotta get my profit
Just poured a deuce and I'm smoking on the tropic
On a different subject, lights is the topic
'Cause he talking money so, nigga, just stop it
All day long, getting high on the low
Bitch, snow bunny be sniffing that snow
Twerking that summer, I really don't know
'Cause me, Freddie Gibbs, Madlib stay blowed

I get high, I get high, I get high
I get high, I get high, I get high
I get high, I get high

Hey, are you okay?
You slobbing, you okay?
Is he okay? Are you okay?
(Ah!)
He shouldn't have smoked that dipper for real
You aight? Oh my God (aw!)
God bless, man",0.3739760220050812,0.3253209888935089,0.12111935764551163,0.08450240641832352,0.05382678657770157,0.029098592698574066,0.012155908159911633,1,1,119.19,0.81,0.61
Freddie Gibbs,Thuggin’,"Niggas be like, Fred, you ain't never lied
Fuck the rap shit my gangsta been solidified
Still do my business on the side
Bitch if you polices, then pay me no nevermind
I was thuggin' - Black and red laces in my number threes
Take a pull up off the wood and let that motherfucka breathe
Sit outside a busta crib and let that motherfucka leave
Walk his ass back in and put him on his motherfuckin' knees
Thuggin' - Never takin' no for an answer
Might just take a loss but bitch I’d rather take my chances
This liquor got me lurkin' where you live at in the night time
59 fifty to the left, but I'm in my right mind
Thuggin' - Pants gon' be saggin' til I'm 40
Still lyrically sharper than any short bus shawty
Phonies ain't gon' throw me in this Minstrel Show
These labels see how far up in they mouth my dick can go
So go'n and, choke on this meat, throw my song on repeat
Might move away one day but I'm always gonna belong to the streets

I'm straight thuggin'
And it feels so good, and it feels so right yeah
And it feels so good, and it feels so right

Cause motherfucka I'm thuggin'
Selling you the science of the street rap
Every motherfuckin' show I do is off the meat rack
I done been to jail and did my best not to repeat that
I’m tryin to feed my family, give a fuck about your feedback
Critically acclaimed, but that shit don't mean a thing
When you rocking mics and still in microwaves cooking 'caine
Never trippin' on a dame, I'm too cold for you broke hoes
Don't let the knob hit your booty when the door close, bitch
She let me hit it cause I'm thuggin'
Squares need not apply, I'm so fly I might fuck her cousin
Swiftly 'bout to stick a sweet dick in your sweetheart
Then get some groceries off my geeker EBT card
Why the Feds worried 'bout me clocking on this corner
When there's politicians out here getting popped in Arizona
Bitch I'm thuggin'

And it feels so good, and it feels so right
And it feels so good, and it feels so right
Cause motherfucka I'm thuggin'

""We’re not against rap, but we're against those thugs""
Can't be legit when every nigga in your clique sold drugs
Predicate felons in my faculty, real killers can vouch for me
Teach a kid at the crib or your children might cop an ounce from me
And smoke out in the Chevy with us, cause in the past
My low class black ass would serve my own fucking family members
I hate to say it, ain't no need to be discreet
If she don't cop from me, she get it from a nigga up the street
Cause he thuggin'
And yo she'd probably suck his dick for it
She turn't out so it ain't shit to turn a trick for it
My uncle last bitch put him on the glass dick
Tried to rob a man to feed his habit, he got blasted
I live on borrowed time, my expiration date I passed it
So lock me up forever, but this shit is everlasting
I'm thuggin'

And it feels so good, and it feels so right
And it feels so good, and it feels so right
Cause mothafucka I'm thuggin'
Bitch",0.7978326082229614,0.06512351334095001,0.03115876391530037,0.07435815781354904,0.019924763590097427,0.006148282438516617,0.005453812889754772,11,0,91.36,0.6,0.26
Freddie Gibbs,God Is Perfect,"Aight, check it out
Uh, gang, gang
Bunny Rabbit insane
Uh, Big Finball, yeah
Uh, yeah, yeah, yeah (Yeah)
It's here (Uh)
Yeah
(One, two) Yeah, yeah
(Hold up, hold up) Yeah, yeah
Kane train baby
(One, two, new flow, check it out)

Microphone check, one, two, mic checka
Still rep that block, Subhan'Allah, I pray to Mecca
All this gang shit in my vein, I got the rake, I got the blessin'
Take some measures out the brick
We press a brick, it ain't no pressure
Slippin' tiki in my kiki, I'm with Dee-Dee and Vanessa
Top-notch bitches on my roster get the most and nothin' lesser
Poppa met me in the valley, drop the ho all up with nothin'
Take some measures out the brick
We press a brick, it ain't no pressure, yessir

I didn't want to speak on this shit but it really been rackin' my brain now (Yeah, yeah)
'Cause really I fuck with this rap but my niggas still sellin' cocaine now (Huh, yeah)
Them crackers they got enough on us to go start a motherfuckin' case now (Yeah)
A nigga get hit with the R.I.C.O, they comin', they snatchin' the gang now
Big sticks longer'n a bitch, golfball holes in this shit
Big Fen ball in this bitch
'Cause with Willy brother all in the six
Had a piper, shoulda wore a diaper
When I hit him, left his draws full of shit
Niggas blow at us, they gettin' blown down
But I'll be so proud to put the dope down

For the microphone check, one, two, mic checka
Still rep that block, Subhan'Allah, I pray to Mecca
All this gang shit in my vein, I got the rake, I got the blessin'
Take some measures out the brick
We press a brick, it ain't no pressure
Yessir, microphone check, one, two, mic checka
Still rep that block, Subhan'Allah, I pray to Mecca
All this gang shit in my vein, I got the rake, I got the blessin'
Take some measures out the brick
We press a brick, it ain't no pressure, yessir

Gangland shit
Fuck around, get gangland hit
I'ma catch a little bitch while he's chillin' with his clique
Nigga where the whole gang at, bitch?
Where the watch and the chain at, bitch?
Set 'em up, yeah, I drained that bitch
I was fuckin' in the A, for like four days straight
But a nigga never claim that bitch
I be talkin' that shit like I'm bulletproof
Fuck a DM I'm sendin' them killers through
I be fuckin' with the Gs, Crips, Bloods, BDs
Man, this shit get political
Hit the John, I'm whippin' the miracle
Get the spoon, I'm scrapin' the residue
Man, I shop with Colombianos and the Mexicanos
Man, this shit get political

Rock it up then blade that shit
Dog food nigga slang that shit
Niggas shot at me and miss with the whole damn clip
Yeah, the bitch couldn't aim that shit
Nigga might get gangland hit
East side sang that shit
Niggas shot at me and miss with the whole damn clip
Yeah, the bitch couldn't aim that shit
Fuck nigga

Microphone check, one, two, mic checka
Still rep that block, Subhan'Allah, I pray to Mecca
All this gang shit in my vein, I got the rake, I got the blessin'
Take some measures out the brick
We press a brick, it ain't no pressure
Yessir, microphone check, one, two, mic checka
Still rep that block, Subhan'Allah, I pray to Mecca
All this gang shit in my vein, I got the rake, I got the blessin'
Take some measures out the brick
We press a brick, it ain't no pressure, yessir

Yo
Yo, I would like to say, you know?My man Kane smoked him, you know?
But there is supposed to be a reason when you kill somebody
Don't use somebody else for shit",0.18718667328357697,0.1336178034543991,0.48313698172569275,0.1103588119149208,0.03172765299677849,0.02654329314827919,0.027428774163126945,1,1,75.93,0.55,0.64
