artist,song,lyrics,fear,neutral,sadness,anger,disgust,surprise,joy,key,mode,tempo,energy,valence
Metallica,Enter Sandman,"Say your prayers, little one
Don't forget, my son,
To include everyone

Tuck you in, warm within
Keep you free from sin
Till the sandman he comes

Sleep with one eye open
Gripping your pillow tight

Exit: light
Enter: night
Take my hand
We're off to never-never land

Something's wrong, shut the light
Heavy thoughts tonight
And they aren't of Snow White

Dreams of war, dreams of liars
Dreams of dragon's fire
And of things that will bite

Sleep with one eye open
Gripping your pillow tight

Exit: light
Enter: night
Take my hand
We're off to never-never land

Now I lay me down to sleep
Pray the Lord my soul to keep
If I die before I wake
Pray the Lord my soul to take

Hush little baby, don't say a word
And never mind that noise you heard
It's just the beasts under your bed
In your closet, in your head

Exit: light
Enter: night
Grain of sand

Exit: light
Enter: night
Take my hand
We're off to never-never land",0.7174555063247681,0.10377941280603409,0.08863966166973114,0.05857348069548607,0.022349758073687553,0.006573326885700226,0.0026288393419235945,6,0,123.3,0.84,0.62
Metallica,Nothing Else Matters,"So close no matter how far
couldn't be much more from the heart
forever trust in who we are
and nothing else matters

never opened myself this way
life is ours, we live it our way
all these words I don't just say
and nothing else matters

trust I seek and I find in you
every day for us something new
open mind for a different view
and nothing else matters

never cared for what they do

never cared for what they know
But I know

so close no matter how far
couldn't be much more from the heart
forever trusting who we are
and nothing else matters

never cared for what they do
never cared for what they know
And I know

I never opened myself this way
life is ours, we live it our way
all these words I don't just say
and nothing else matters

trust I seek and I find in you

every day for us something new
open mind for a different view
and nothing else matters

never cared for what they say
never cared for games they play
never cared for what they do
never cared for what they know
and I know (yeah!)

so close no matter how far
couldn't be much more from the heart
forever trust in who we are
no nothing else matters",0.1675500124692917,0.32657963037490845,0.18211767077445984,0.1459512561559677,0.03661295026540756,0.09375320374965668,0.047435373067855835,4,0,142.37,0.4,0.18
Metallica,Master of Puppets,"End of passion play, crumbling away
I'm your source of self-destruction
Veins that pump with fear, sucking darkest clear
Leading on your death's construction

Taste me, you will see
More is all you need
Dedicated to
How I'm killing you

Come crawling faster
Obey your master
Your life burns faster
Obey your master
Master

Master of puppets, I'm pulling your strings
Twisting your mind and smashing your dreams
Blinded by me, you can't see a thing
Just call my name, cause I'll hear you scream
Master
Master
Just call my name, cause I'll hear you scream
Master
Master

Needlework the way, never you betray
Life of death becoming clearer
Pain monopoly, ritual misery
Chop your breakfast on a mirror

Taste me you will see
More is all you need
You're dedicated to
How I'm killing you

Come crawling faster
Obey your master
Your life burns faster
Obey your master
Master

Master of puppets, I'm pulling your strings
Twisting your mind and smashing your dreams
Blinded by me, you can't see a thing
Just call my name, 'cause I'll hear you scream
Master
Master
Just call my name, 'cause I'll hear you scream
Master
Master

Master, master
Where's the dreams that I've been after?
Master, master
You promised only lies
Laughter, laughter
All I hear and see is laughter
Laughter, laughter
Laughing at my cries
Fix me

Hell is worth all that, natural habitat
Just a rhyme without a reason
Never-ending maze, drift on numbered days
Now your life is out of season

I will occupy
I will help you die
I will run through you
Now I rule you, too

Come crawling faster
Obey your master
Your life burns faster
Obey your master
Master

Master of puppets, I'm pulling your strings
Twisting your mind and smashing your dreams
Blinded by me, you can't see a thing
Just call my name, 'cause I'll hear you scream
Master
Master
Just call my name, 'cause I'll hear you scream
Master
Master",0.8964511752128601,0.011775375343859196,0.008356846868991852,0.07424286007881165,0.004000972956418991,0.0029926204588264227,0.0021801104303449392,4,0,105.17,0.84,0.56
Metallica,One,"I can't remember anything
Can't tell if this is true or dream
Deep down inside I feel to scream
This terrible silence stops me

Now that the war is through with me
I'm waking up, I cannot see
That there is not much left of me
Nothing is real but pain now

Hold my breath as I wish for death
Oh please, God, wake me

Back in the womb it's much
too real
In pumps life that I must feel
But can't look forward to reveal
Look to the time when I'll live

Fed through the tube that sticks in me
Just like a wartime novelty
Tied to machines that make me be
Cut this life off from me

Hold my breath as I wish for death
Oh please, God, wake me

Now the world is gone, I'm just one
Oh God, help me
Hold my breath as I wish for death
Oh please, God, help me

Darkness imprisoning me
All that I see
Absolute horror
I cannot live
I cannot die
Trapped in myself
Body my holding cell

Landmine has taken my sight
Taken my speech
Taken my hearing
Taken my arms
Taken my legs
Taken my soul
Left me with life in hell",0.9843255281448364,0.0018560630269348621,0.007500317879021168,0.002023993758484721,0.0015376813244074583,0.002209064085036516,0.0005473433993756771,7,1,103.01,0.69,0.43
Metallica,The Unforgiven,"New blood joins this earth
And quickly he's subdued
Through constant pained disgrace
The young boy learns their rules

With time, the child draws in
This whipping boy done wrong
Deprived of all his thoughts
The young man struggles on and on, he's known
A vow unto his own
That never from this day
His will they'll take away

What I've felt
What I've known
Never shined through in what I've shown
Never be
Never see
Won't see what might have been

What I've felt
What I've known
Never shined through in what I've shown
Never free
Never me
So I dub thee ?Unforgiven?

They dedicate their lives
To running all of his
He tries to please them all
This bitter man he is

Throughout his life the same
He's battled constantly
This fight he cannot win
A tired man they see no longer cares
The old man then prepares
To die regretfully
That old man here is me

What I've felt
What I've known
Never shined through in what I've shown
Never be
Never see
Won't see what might have been

What I've felt
What I've known
Never shined through in what I've shown
Never free
Never me
So I dub thee ?Unforgiven?

You labeled me
I'll label you
So I dub thee ?Unforgiven?",0.014063139446079731,0.045496758073568344,0.789172351360321,0.08155222982168198,0.06222473829984665,0.005457490216940641,0.0020332690328359604,7,1,139.5,0.58,0.21
Metallica,Sad but True,"Hey
I'm your life
I'm the one who takes you there
Hey
I'm your life
I'm the one who cares
They
They betray
I'm your only true friend now
They
They'll betray
I'm forever there

I'm your dream, make you real
I'm your eyes when you must steal
I'm your pain when you can't feel
Sad but true

I'm your dream, mind astray
I'm your eyes while you're away
I'm your pain while you repay
You know it's sad but true

You
You're my mask
You're my cover, my shelter
You
You're my mask
You're the one who's blamed
Do
Do my work
Do my dirty work, scapegoat
Do
Do my deeds
For you're the one who's shamed

I'm your dream, make you real
I'm your eyes when you must steal
I'm your pain when you can't feel
Sad but true

I'm your dream, mind astray
I'm your eyes while you're away
I'm your pain while you repay
You know it's sad but true

I'm your dream
I'm your eyes
I'm your pain
You know it's sad but true

Hate
I'm your hate
I'm your hate when you want love
Pay
Pay the price
Pay, for nothing's fair
Hey
I'm your life
I'm the one who took you here
Hey
I'm your life
And I no longer care

I'm your dream, make you real
I'm your eyes when you must steal
I'm your pain when you can't feel
Sad but true

I'm your truth, telling lies
I'm your reasoned alibis
I'm inside, open your eyes
I'm you

Sad but true",0.0017118599498644471,0.005172313190996647,0.9822602868080139,0.003272266825661063,0.0019995870534330606,0.0034436951391398907,0.0021399352699518204,7,1,89.23,0.88,0.46
Metallica,Fuel,"Gimme fuel, gimme fire
Gimme that which I desire

Turn on, I see red
Adrenaline crash and crack my head
Nitro junkie, paint me dead
And I see red

One hundred plus through black and white
War horse, warhead
Fuck 'em, man, white-knuckle tight
Through black and white

On I burn
Fuel is pumping engines
Burning hard, loose and clean
And on I burn
Churning my direction
Quench my thirst with gasoline

So gimme fuel, gimme fire
Gimme that which I desire

Turn on beyond the bone
Swallow future, spit out home
Burn your face upon the chrome

Take the corner, join the crash,
Headlights, head on, headlines
Another junkie lives too fast
Lives way too fast

On I burn
Fuel is pumping engines
Burning hard, loose and clean
And on I burn
Churning my direction
Quench my thirst with gasoline

So gimme fuel, gimme fire
Gimme that which I desire

White-knuckle tight

Gimme fuel
Gimme fire
My desire

On I burn
Fuel is pumping engines
Burning hard, loose and clean
And on I burn
Churning my direction
Quench my thirst with gasoline

Gimme fuel, gimme fire
Gimme that which I desire

On I burn",0.055284686386585236,0.05380656197667122,0.017513494938611984,0.7715815305709839,0.09293486922979355,0.00674729747697711,0.002131604589521885,1,1,106.95,0.95,0.59
Metallica,Battery,"Lashing out the action, returning the reaction
Weak are ripped and torn away
Hypnotizing power, crushing all that cower
Battery is here to stay

Smashing through the boundaries, lunacy has found me
Cannot stop the battery
Pounding out aggression turns into obsession
Cannot kill the battery
Cannot kill the family, battery is found in me

Battery

Crushing all deceivers, mashing non-believers
Never-ending potency
Hungry violence-seeker feeding off the weaker
Breeding on insanity

Smashing through the boundaries, lunacy has found me
Cannot stop the battery
Pounding out aggression turns into obsession
Cannot kill the battery
Cannot kill the family, battery is found in me

Battery
Battery

Circle of destruction, hammer comes crushing
Powerhouse of energy
Whipping up a fury, dominating flurry
We create the battery

Smashing through the boundaries, lunacy has found me
Cannot stop the battery
Pounding out aggression turns into obsession
Cannot kill the battery
Cannot kill the family, battery is found in me

Battery",0.02103155478835106,0.003562391735613346,0.001885089324787259,0.9683937430381775,0.0033693714067339897,0.0009588221437297761,0.0007990039885044098,11,0,96.54,0.92,0.44
