artist,song,lyrics,neutral,fear,sadness,anger,disgust,joy,surprise,key,mode,tempo,energy,valence
Caifanes,Afuera,"Muchos años uno cree
que el caer es levantarse
y de repente
ya no te paras

Que el amor es temporal
que todo te puede pasar
y de repente
estás muy sólo

Afuera
afuera tú no existes, sólo adentro
afuera
afuera no te cuido, sólo adentro
afuera
te desbarata el viento sin dudarlo
afuera
nadie es nada, sólo adentro

Siguen los años y uno está
creyendo que puede rezar
y de repente
ya te perdiste

Y uno cree que puede creer
y tener todo el poder
y de repente
no tienes nada

Afuera
afuera tú no existes, sólo adentro
afuera
afuera no te cuido, sólo adentro
afuera
te desbarata el viento sin dudarlo
afuera
nadie es nada, sólo adentro

Afuera
afuera tú no existes, sólo adentro
afuera
afuera no te cuido, sólo adentro
afuera
te desbarata el viento sin dudarlo
afuera
nadie es nada, sólo adentro",0.47357192635536194,0.15431658923625946,0.10048975050449371,0.09494124352931976,0.08278188854455948,0.04967318847775459,0.04422544315457344,6,0,126.04,0.55,0.7
Caifanes,Viento,"Préstame tu peine
y péiname el alma
desenrédame
fuera de este mundo

Di me que no
estoy sonándote
enséñame
de que estamos hechos.

Que quiero orbitar planetas
hasta ver uno vació
que quiero irme a vivir
pero que sea contigo.

Viento amárranos
tiempo detente muchos años
Viento amárranos
tiempo detente muchos años

Préstame tu peine
y péiname el alma
purifícame
no me abandones

Préstame tu sueño
y duérmeme
embrújame
volvámonos eternos.

Que quiero orbitar planetas
hasta ver uno vació
que quiero irme a vivir
pero que sea contigo.

Viento amárranos
tiempo detente muchos años
Viento amárranos
tiempo detente muchos años",0.46608442068099976,0.18683475255966187,0.06098640337586403,0.11003557592630386,0.07463182508945465,0.043695416301488876,0.05773163214325905,11,0,124.92,0.86,0.45
Caifanes,No Dejes Que...,Cuando veo a travez del vaso Veo a travez del tiempo Donde los sentidos se dislocan Donde los temores se evaporan Y aprovecho para desdoblarme Para salir del vaso Con las paredes sudo tu rastro Con la memoria busco tu rostro Y no se po rque No me importa saber por que No dejes que Nos coma el diablo amor Que se trague tu calor Que eructe mi dolor No dejes que Nos coma el diablo amor Que se trague tu calor Que eructe mi dolor Cuando veo a travez del humo Me voy volando y tu eres mi guia Entre los mundos nos haremos viejos Donde algun dia estaremos tranquilos Y no se por que No me importa saber por que No dejes que Nos coma el diablo amor Que se trague tu calor Que eructe mi dolor No dejes que Nos coma el diablo amor Que se trague tu calor Que eructe mi dolor,0.5928950905799866,0.16087228059768677,0.10045275837182999,0.04893104359507561,0.011014205403625965,0.028051240369677544,0.05778338760137558,2,1,134.03,0.92,0.75
Caifanes,La Célula Que Explota,"Hay veces que no tengo ganas de verte
hay veces que no quiero ni tocarte
hay veces que quisiera ahogarte en un grito
y olvidarme de esa imagen tuya
pero no me atrevo

Hay veces que no dejo de soñarte
de acariciarte hasta que ya no pueda
hay veces que quisiera morir contigo
y olvidarme de toda materia
pero no me atrevo

Hay veces que no se lo que me pasa
ya no puedo saber que es lo que pasa adentro
somos como gatos en celo
somos una célula que explota
y esa no la paras, no la paras
no, no",0.4973384737968445,0.1499154418706894,0.047086652368307114,0.12055003643035889,0.0412662997841835,0.06329730153083801,0.08054570108652115,2,1,123.22,0.48,0.28
Caifanes,Nubes,"Parecemos nubes
Que se las lleva el viento
Cuando hay huracanes
Cuando hay mal de amores
Parecemos presos
Y como presos pensamos
Escapar uno del otro
Y cometer la fuga

Vamos a dar una vuelta al cielo
Para ver lo que es eterno
Vamos a dar una vuelta al cielo
Para ver lo que es eterno

Pensarás que soy un perro
Que en el cerebro tengo moquillo
Que ladro y que no muerdo
Y que soy un mal agradecido

Tengo garras tengo dientes
Y defiendo lo que tengo
Ay amor ya no me tientes
Porque muerdo y ya no suelto

Vamos dar una vuelta al cielo para ver lo que es eterno
Vamos dar una vuelta al cielo para ver lo que es eterno
Que es eterno
Que no entiendes

Vamos a dar una vuelta al cielo
Para ver lo que es eterno
Y luego vienes a buscarme

Vamos a dar una vuelta al cielo para ver lo que es eterno
Vamos a dar una vuelta al cielo para ver lo que es eterno

Vamos a dar un vuelta al cielo para ver lo que es eterno
Vamos a dar una vuelta al cielo para ver lo que es eterno

Ahhh...",0.5940902829170227,0.13722039759159088,0.058119822293519974,0.02871614135801792,0.026523808017373085,0.08563016355037689,0.06969936192035675,9,1,142.08,0.85,0.87
Caifanes,Los Dioses Ocultos,"¿Por qué no puedo andar a gatas
como lo hacen los locos?
¿Por qué no puedo aullarlo todo
como lo hacen los lobos?

¿Por qué no puedo resignarme
y aguantarme hasta la risa?
¿Por qué uno quiere lanzarse desde lo alto
y al bajar buscar olvido?

¿Serán los dioses ocultos o serás tú?
será una decisión mortal
¿serán los dioses ocultos o serás tú?
Será una decisión mortal

¿Por qué no puedo desgarrarme la piel
hasta lograr un vacío?
¿Por qué uno se retuerce entre rincones
mirando al cielo en busca de alguien?

¿Serán los dioses ocultos o serás tú?
será una decisión mortal
¿serán los dioses ocultos o serás tú?
Será una decisión mortal
fatal",0.39956194162368774,0.2855573296546936,0.02980656363070011,0.10977087914943695,0.08321010321378708,0.008363356813788414,0.0837298333644867,7,1,127.56,0.71,0.37
Caifanes,Mátenme Porque Me Muero,"Cuando me muera y me tengan que enterrar
quiero que sea con una de tus fotografías
para que no me de miedo estar abajo
para que no se me olvide como es tu cara
para imaginar que estoy contigo
y sentirme un poquito vivo
matenme porque me muero
matenme porque no puedo
matenme porque me muero
matenme porque no puedo
esta enfermedad es incurable
esta enfermedad ni con un valium
Cuando me muera y me tengan que enterrar
quiero que sea con dulces y no con piedras
por si alguna vez me buscas
estare eternamente lejos
como para darte solo flores
te guardare mil estrellas
Matenme porque me muero
matenme porque no puedo
matenme porque me muero
matenme porque no puedo",0.24287301301956177,0.24495261907577515,0.09923401474952698,0.22746849060058594,0.06598135828971863,0.08128298074007034,0.03820761293172836,0,1,169.23,0.86,0.48
Caifanes,Ayer Me Dijo Un Ave,"Ayer me dijo un ave que volara
por donde no hay ardor
que lo sufrido no resucita en sueños
y en rezos nunca murió

Que saque el aire de mis ojos
que abrace al miedo con tu sueños
que sea un guerrero de sangre
para que nadie te haga daño

Ayer me dijo un ave que volara
hasta desintegrarme
que la distancia no es cansancio
es fuerza, eres tú

Que saque el aire de mis ojos
que abrace al miedo con tus sueños
que sea un guerrero de sangre
para que nadie te haga daño

Que saque el aire de mis ojos
que abrase al miedo con tus sueños
que sea un guerrero de sangre
para que nadie te haga daño

para que nadie te haga daño

para que nadie te haga daño

para que nadie te haga daño.",0.2691270709037781,0.2926895320415497,0.08226983994245529,0.18322059512138367,0.09295521676540375,0.04066122695803642,0.03907649964094162,1,0,123.88,0.19,0.18
