artist,song,lyrics,sadness,fear,neutral,anger,disgust,surprise,joy,key,mode,tempo,energy,valence
Bring Me the Horizon,Can You Feel My Heart,"Can you hear the silence?
Can you see the dark?
Can you fix the broken?
Can you feel, can you feel my heart?

Can you help the hopeless?
Well, I'm begging on my knees
Can you save my bastard soul?
Will you wait for me?

I'm sorry, brothers
So sorry, lover
Forgive me, father
I love you, mother

Can you hear the silence?
Can you see the dark?
Can you fix the broken?
Can you feel my heart?
Can you feel my heart?
Can you feel my heart?
Can you feel my heart?

I'm scared to get close and I hate being alone
I long for that feeling to not feel at all
The higher I get, the lower I'll sink
I can't drown my demons, they know how to swim

I'm scared to get close and I hate being alone
I long for that feeling to not feel at all
The higher I get, the lower I'll sink
I can't drown my demons, they know how to swim

I'm scared to get close and I hate being alone
I long for that feeling to not feel at all
The higher I get, the lower I'll sink
I can't drown my demons, they know how to swim

Can you feel my heart?
Can you hear the silence?
Can you see the dark?
Can you fix the broken?
Can you feel, can you feel my heart?",0.620678186416626,0.30091506242752075,0.02774970978498459,0.021825162693858147,0.018200187012553215,0.008170285262167454,0.002461440395563841,4,0,170.53,0.86,0.35
Bring Me the Horizon,Throne,"Remember the moment
You left me alone and
Broke every promise you ever made
I was an ocean lost in the open
Nothing could take the pain away

So you can throw me to the wolves
Tomorrow I will come back
Leader of the whole pack
Beat me black and blue
Every wound will shape me
Every scar will build my throne

The sticks and the stones that
You used to throw have
Built me an empire, so don't even try
To cry me a river, 'cause I forgive you
You are the reason I still fight

So you can throw me to the wolves
Tomorrow I will come back
Leader of the whole pack
Beat me black and blue
Every wound will shape me
Every scar will build my throne

So you can throw me to the wolves
Tomorrow I will come back
Leader of the whole pack
Beat me black and blue
Every wound will shape me
Every scar will build my throne

I'll leave you choking
On every word you left unspoken
Rebuild all that you've broken
And now you know

I'll leave you choking
On every word you left unspoken
Rebuild all that you've broken
And now you know

Every wound will shape me
Every scar will build my throne

So you can throw me to the wolves
Tomorrow I will come back
Leader of the whole pack
Beat me black and blue

Every wound will shape me
Every scar will build my throne",0.08365298062562943,0.3476635217666626,0.07361000776290894,0.4508649706840515,0.03214164823293686,0.005195898469537497,0.006871065124869347,0,0,144.11,0.89,0.39
Bring Me the Horizon,Sleepwalking,"My secrets are buried now
From my heart and my bones catch a fever
When it cuts you up this deep
It's hard to find a way to breathe

Your eyes are swallowing me
Mirrors start to whisper
Shadows start to sing
My skin's smothering me
Help me find a way to breathe

Time stood still
The way it did before
It's like I'm sleepwalking
Fell into another hole I got
It's like I'm sleepwalking

I'm at the edge of the world
Where do I go from here?
Do I disappear?
Edge of the world
Should I sink or swim?
Or simply disappear?

Your eyes are swallowing me
Mirrors start to whisper
Shadows start to sing
My skin's smothering me
Help me find a way to breathe

Seeing as time stood still
The way it did before
It's like I'm sleepwalking
Fell into another hole I got
It's like I'm sleepwalking

Wake up!
Take my hand and
Give me a reason to start again
Wake up!
Pull me out and
Give me a reason to start again

Time stands still
(Time stands still)
Time stands still
(Time stands still)

Your eyes are swallowing me
Mirrors start to whisper
Shadows start to sing
My skin's smothering me
Help me find a way to breathe

Time stands still
The way it did before
It's like I'm sleepwalking
Fell into another hole I got
It's like I'm sleepwalking
(It's like I'm sleepwalking)
(It's like I'm sleepwalking)
(It's like I'm sleepwalking)

Time stands still
The way it did before
It's like I'm sleepwalking",0.039147213101387024,0.8146023750305176,0.045904241502285004,0.04069962725043297,0.018151775002479553,0.03754781186580658,0.003946946933865547,2,0,149.06,0.96,0.34
Bring Me the Horizon,Kingslayer,"Hi, are you looking for the other side?
Feel like nothing 'bout this seems quite right
Are you circling the drain? Or getting off on payment?
You're corrupted
I need to know where your loyalties lie
Tell me, are you gonna bark or bite?
Do you really wanna twist a knife in the belly
Of your master?

Get the fuck up, wake the fuck up
Wipe the system and get the fuck up
You're a puppet, when they cut your strings off
Don't come crawling back

Kingslayer, destroying castles in thе sky
Kingslayer, forevermorе the apple of my eye
And I sacrifice my life to find you, angel of the flame
Kingslayer, come and collect us, your might

暗い, この見えない世界
まだ消えない未来
ただ手に入れたい, another world
System failure
Life is encrypted, genome modified
Like a virus in a lullaby
Artificial till the day you die, say you're programmed
You're corrupted

Get the fuck up, wake the fuck up
Wipe the system and break the fuck up
You're a puppet, when they cut your strings off
Don't come crawling back, you're on your own
さあ時の扉を開けて行こうよ

Kingslayer, destroying castles in the sky
Kingslayer, I'll fight for you until I die

Kingslayer, destroying castles in the sky
Kingslayer, forevermore the apple in my eye
I'll sacrifice it all to guide you, never have to go alone
Kingslayer, come and collect us, your might

This is your wake up call
We're going to down the rabbit hole
Are you ready?
I can't feel you
Is this what you want?
It is what you fucking get
You motherfucking shit",0.008650556206703186,0.09726323187351227,0.016179589554667473,0.8232433795928955,0.0431705005466938,0.00862535648047924,0.0028672819025814533,1,1,92.54,0.93,0.43
Bring Me the Horizon,Drown,"What doesn't kill you, makes you wish you were dead.
Got a hole in my soul, growing deeper and deeper.
And I can't take one more moment of this silence.
The loneliness is haunting me.
And the weight of the world's getting harder to hold up.

It comes in waves, I close my eyes.
Hold my breath and let it bury me.
I'm not okay, and it's not alright.
Won't you drag the lake and bring me home again?

Who will fix me now? Dive in when I'm down?
Save me from myself, don't let me drown.
Who will make me fight? Drag me out alive?
Save me from myself, don't let me drown.

What doesn't destroy you, leaves you broken instead.
Got a hole in my soul growing deeper and deeper.
And I can't take one more moment of this silence.
The loneliness is haunting me.
And the weight of the world's getting harder to hold up.

It comes in waves, I close my eyes.
Hold my breath and let it bury me.
I'm not okay, and it's not alright
Won't you drag the lake and bring me home again?

Who will fix me now? Dive in when I'm down?
Save me from myself, don't let me drown.
Who will make me fight? Drag me out alive?
Save me from myself, don't let me drown.

'Cause you know that I can't do this on my own
'Cause you know that I can't do this on my own
'Cause you know that I can't do this on my own
'Cause you know that I can't do this on my own
Who will fix me now?
Who will fix me now?

Who will fix me now? Dive in when I'm down?
Save me from myself, don't let me drown.",0.1805563122034073,0.652259111404419,0.07337129861116409,0.03882136195898056,0.04315188527107239,0.009959924966096878,0.001880092080682516,1,0,143.13,0.94,0.24
Bring Me the Horizon,Shadow Moses,"Can you tell from the look in our eyes?
(We're going nowhere)
We live our lives like we're ready to die
(We're going nowhere)

Can you tell from the look in our eyes?
(We're going nowhere)
We live our lives like we're ready to die
(We're going nowhere)

I thought I'd buried you and covered the tracks
You'll have to take this with your cold dead hands
I thought I'd buried you, what's dead can never die

I thought I cut you loose, severed the feeling
I slipped through the cracks as you cling to my ceiling
I thought I'd buried you, what's dead can never die
Fuck

Can you tell from the look in our eyes?
(We're going nowhere)
We live our lives like we're ready to die
(We're going nowhere)

You can run, but you'll never escape
(Over and over again)
Will we ever see the end?
(We're going nowhere)

This is sempiternal
Will we ever see the end?
This is sempiternal
Over and over, again and again

Rise from the dead, you say
Secrets don't sleep till they're took to the grave
Signal the sirens, rally the troops
Ladies and gentlemen, it's the moment of truth

Can you tell from the look in our eyes?
(We're going nowhere)
We live our lives like we're ready to die
(We're going nowhere)

You can run, but you'll never escape
(Over and over again)
Will we ever see the end?
(We're going nowhere)

Can you tell from the look in our eyes?
(We're going nowhere)
We live our lives like we're ready to die
(We're going nowhere)

You can run, but you'll never escape
(Over and over again)
Will we ever see the end?
(We're going nowhere)

This is sempiternal
Will we ever see the end?
This is sempiternal
Over and over, again and again",0.03814592957496643,0.21531730890274048,0.1778717041015625,0.33950504660606384,0.19502776861190796,0.02827915921807289,0.005853044334799051,6,1,143.01,0.99,0.18
Bring Me the Horizon,Follow You,"My head is haunting me and my heart feels like a ghost
I need to feel something, 'cause I'm still so far from home
Cross your heart and hope to die
Promise me you'll never leave my side

Show me what I can't see when the spark in my eyes is gone
You've got me on my knees, I'm your one man cult
Cross my heart and hope to die
Promise you I'll never leave your side

'Cause I'm telling you, you're all I need
I promise you, you're all I see
'Cause I'm telling you, you're all I need
I'll never leave

So, you can drag me through hell
If it meant I could hold your hand
I will follow you, 'cause I'm under your spell
And you can throw me to the flames
I will follow you, I will follow you

Come sink into me and let me breathe you in
I'll be your gravity, you be my oxygen
So dig two graves, 'cause when you die
I swear I'll be leaving by your side

So, you can drag me through hell
If it meant I could hold your hand
I will follow you, 'cause I'm under you spell
And you can throw me to the flames
I will follow you

So, you can drag me through hell
If it meant I could hold your hand
I will follow you, 'cause I'm under you spell
And you can throw me to the flames
I will follow you, I will follow you
I will follow you, I will follow you

So, you can drag me through hell
If it meant I could hold your hand
I will follow you, 'cause I'm under you spell
And you can throw me to the flames
I will follow you, I will follow you",0.022234950214624405,0.9446759223937988,0.01792646385729313,0.00568159855902195,0.0033381113316863775,0.004590194206684828,0.0015527005307376385,3,0,90.01,0.66,0.51
Bring Me the Horizon,Happy Song,"S-P-I-R-I-T, spirit
Let's hear it
S-P-I-R-I-T, spirit
Let's hear it
Let's go

I've had enough
There's a voice in my head
Says I'm better off dead

But if I sing along a little fucking louder
To a happy song, I'll be alright

You want to give up
Gave it all that you've got
And it still doesn't cut

But if you sing along a little fucking louder
To a happy song
You'll be just fine cause

Every now and again we get the feeling
And the great big void inside us opens up
And I really wish that you could help
But my head is like a carousel and
I'm going round in circles, going round in circles

S-P-I-R-I-T, spirit
Let's hear it
S-P-I-R-I-T, spirit
Let's hear it

We are possessed

We're all fucked in the head
Alone and depressed

But if we sing along a little fucking louder
To a happy song
Maybe we'll forget cause

Every now and again we get the feeling
And the great big void inside us opens up
And I really wish that you could help
But my head is like a carousel and
I'm going round in circles, going round in circles

Don't wake us up
We’d rather just keep dreaming
Cause the nightmares in our heads are bad enough
And I really wish that you could help

But my head is like a carousel
And I'm going round in circles, I'm going round in circles

The world has coalesced
Into one giant mess of hate and unrest
So let's sing along a little goddamn louder
To a happy song and pretend it's all okay

Let's go

Sing along
Let's sing along
A little fucking louder
A little fucking louder
Well don't you feel so much better

S-P-I-R-I-T, spirit

Let's hear it
(Well that's the spirit)
S-P-I-R-I-T, spirit
Let's hear it
(Yeah, that's the spirit)",0.5436906218528748,0.06020428240299225,0.2623555362224579,0.03408023342490196,0.03709869459271431,0.01501630898565054,0.047554321587085724,5,1,171.94,0.92,0.22
