artist,song,lyrics,neutral,fear,disgust,anger,sadness,joy,surprise,key,mode,tempo,energy,valence
Soda Stereo,De Música Ligera,"A ver...

Ella durmió al calor de las masas,
y yo desperté queriendo soñarla.
Algún tiempo atrás pensé en escribirle
que nunca sorteé las trampas del amor.

De aquel amor de música ligera
nada nos libra, nada más queda.

Ella durmió al calor de las masas,
y yo desperté queriendo soñarla.
Algún tiempo atrás pensé en escribirle
que nunca sorteé las trampas del amor.

De aquel amor de música ligera
nada nos libra, nada más queda.

No le enviaré cenizas de rosas,
ni pienso evitar un roce secreto.

De aquel amor de música ligera
nada nos libra, nada más queda.

De aquel amor de música ligera
nada nos libra, nada más queda, nada más.

Nada más queda.
Nada más queda.
Nada más queda.
Nada más queda.",0.41351518034935,0.28451085090637207,0.14625760912895203,0.08953282237052917,0.036126621067523956,0.019158674404025078,0.010898237116634846,2,1,124.24,0.75,0.78
Soda Stereo,En La Ciudad De La Furia,"Me verás volar
Por la ciudad de la furia
Donde nadie sabe de mi
Y yo soy parte de todos

Nada cambiará
Con un aviso de curva
En sus caras veo el temor
Ya no hay fábulas
En la ciudad de la furia

Me verás caer
Como un ave de presa
Me verás caer
Sobre terrazas desiertas
Te desnudaré
Por las calles azules
Me refugiaré
Antes que todos despierten

Me dejarás dormir al amanecer
Entre tus piernas
Entre tus piernas
Sabrás ocultarme bien y desaparecer
Entre la niebla
Entre la niebla
Un hombre alado extraña la tierra.

Me verás volar
Por la ciudad de la furia
Donde nadie sabe de mi
Y yo soy parte de todos

Con la luz del sol
Se derriten mis alas
Solo encuentro en la oscuridad
Lo que me une con la ciudad de la furia

Me verás caer
Como una flecha salvaje
Me verás caer
Entre vuelos fugaces
Buenos Aires se ve tan susceptible
Ese destino de furia es
Lo que en sus caras persiste

Me dejarás dormir al amanecer
Entre tus piernas
Entre tus piernas
Sabrás ocultarme bien y desaparecer
Entre la niebla
Entre la niebla
Un hombre alado prefiere la noche

Me verás volver
Me verás volver
A la ciudad de la furia",0.5090786218643188,0.21585538983345032,0.052767589688301086,0.0676487535238266,0.07395776361227036,0.03324951231479645,0.04744235798716545,2,1,126.51,0.8,0.72
Soda Stereo,Persiana Americana,"Yo te prefiero
fuera de foco
inalcanzable hey!

Yo te prefiero
irreversible
casi intocable hey!

Tus ropas caen lentamente
soy un espia, un espectador
y en el ventilador desgarrandote,
sé que te excita pensar hasta donde llegaré

Es difícil de creer
creo que nunca lo podré saber,
sólo así yo te veré
a través de mi persiana americana

Es una condena agradable
el instante previo oh!
es todo un desgaste,
una necesidad
más que un deseo

Estamos al borde de la corniza,
casi a punto de caer
no sientes miedo
sigues sonriendo,
sé que te excita pensar hasta donde llegaré

Es difícil de creer
creo que nunca lo podré saber
sólo así yo te veré
a través de mi persiana americana he! uhu!
yo te vere..

Tus ropas caen lentamente
soy un espia, un espectador
y en el ventilador desgarrandote
sé que te excita pensar hasta donde llegaré

Es difícil de creer,
creo que nunca lo podré saber
sólo así yo te veré
a través de mi persiana americana

Lo que pueda suceder
no gastes fuerzas para comprender
sólo así yo te veré
a través de mi persiana americana he!

Díficil, díficil de creer
creo que nunca lo podre saber
solo así yo te vere
a traves de mi persiana ohhh!

Solo asi yo te vere
A traves de mi persiana americana.",0.13540714979171753,0.009449100121855736,0.010460303165018559,0.05051520839333534,0.02120809815824032,0.6761809587478638,0.09677920490503311,4,0,101.21,0.92,0.55
