artist,song,lyrics,neutral,fear,sadness,surprise,anger,disgust,joy,key,mode,tempo,energy,valence
iLe,En Cantos,"Mmm, mmm, mmm, mmm
Mmm, mmm, mmm, mmm

Yo te puedo sentir aunque no esté' ni cerca
Yo te puedo sentir aunque no esté' ni cerca
Porque te pienso al dormir y te sueño despierta
Porque te pienso al dormir y te sueño despierta

Todas tus luces me brillan y me alumbran por dentro
Todas tus luces me brillan y me alumbran por dentro
Y tus ojos me acuchillan cuando me los encuentro
Tus me acuchillan el alma cuando me los encuentro

Ay, no me llames loca por quererte así
Ay, yo que estaba entera y ahora estoy volando en cantos por ti

Por las curvas de tu boca quisiera recostarme
Por las curvas de tu boca quisiera recostarme
Tú me recuerdas a cosas que no quisiera olvidarme
Tú me recuerdas a cosas que no quisiera olvidarme

Ere' bálsamo que calma todo lo que me duele
Ere' bálsamo que calma todo lo que me duele
Me acaricias con tus palma' y tú hace' que vuele
Me acaricias con tus palma' y tú hace' que yo vuele

Ay, no me llames loca por quererte así
Ay, yo que estaba entera y ahora estoy volando en cantos por ti

Quiero ponerte en mi mesita de noche
Que me quieras sin que me reproche'
Quiero ponerte en mi mesita de noche
Que me quieras sin que me reproche'
Quiero ponerte en mi mesita de noche
Que me quieras sin que me reproche' (Que me quieras sin que)
Quiero ponerte en mi mesita de noche
Que me quieras sin que me reproche' (Que me quieras sin que me reproche')

Ay, no me llames loca por quererte así
(No me llames loca por quererte así)
Ay, yo que estaba entera y ahora estoy volando en cantos por ti
(Estoy volando en canto' por ti)
Ay, no me llames loca por quererte así
Ay, yo que estaba entera y ahora estoy volando en cantos por ti",0.4328354299068451,0.2802181541919708,0.08013477921485901,0.06642347574234009,0.05993877723813057,0.04974513128399849,0.030704250559210777,3,0,94.93,0.65,0.27
iLe,Te Quiero Con Bugalú,"Te quiero
Con Bugalú
Sin tigo
Pero con tu

Me gusta la posibilidad, de acostarme contigo
Pero contigo mi vida, yo no puedo vivir
La facilidad de bailar siempre contigo
Me fascina, pero contigo no puedo vivir

Quiero llenarte de agua las caderas
Que hablan delirios y ralladuras
Suavizarte las coyunturas
Nadarte adentro como ballena
Eres mi erizo de mar, yo soy tu almeja
Cómeme lento, quiero que me disuelvas

Te quiero, con Bugalú
Pero que yo te quiero con Bugalú
Sin tigo, pero con tu
Como un oso panda a su bambú
La vida es buena cuando estas tu

Bugalú, Bugalú
Contigo no puedo vivir

Que me toques toda en arpegios
Sentir mi cáliz por mi cintura
Soltar los ríos de mi armadura
Y que disfrutes este cruel privilegio
Tu sonrisa en la ventana de todas mis miradas
Y nos decimos adiós hasta que vuelvas

Te quiero con Bugalú
Tu eres mi chino, yo tu lulo
Sin tigo, pero con tu
Te quiero con aguacate y con mangu
Yo ya te lo dije...
Que te lo cuente piro, rodriguez",0.5089313983917236,0.11849793046712875,0.054557934403419495,0.06613364815711975,0.1158200204372406,0.07699604332447052,0.05906299874186516,0,0,139.99,0.81,0.89
iLe,Tu Rumba,"Yo no sé si es el rabito de tus ojos
Que esta buscando encontrarse con los míos
Pero siento que hay un algo tuyo que me llama entre en medio de tanto gentío
Yo no sé si tu silencio me está hablando
Yo no sé si nos habremos conocido
O sí es mi locura que anda delirando y que al final soy sólo yo que lo imagino
Hermosura que sale de ti va flotando hasta llegar a mi
No sé si tu rumba vaya con mi mambo pero tu tienes lo que estoy necesitando
No sé si tu rumba vaya con mi mambo pero tienes lo que estoy necesitando
Yo no quiero confundir las emociones
Esto puede que no vaya a funcionar
Nuestro ritmo ya tiene en su propio peso
Y no sé si la clave pueda aguantar
Dime al menos lo que pasa por tu mente para no morirme de tanta curiosidad
Dime algo y dímelo sin miedo que esto es entre nosotros nada más
Hermosura que sale de ti va flotando hasta llegar a mi
No sé si tu rumba vaya con mi mambo pero tu tienes lo que estoy necesitando
No sé si tu rumba vaya con mi mambo pero tienes lo que estoy necesitando. X2",0.6170127987861633,0.16649556159973145,0.030396489426493645,0.038016948848962784,0.059057533740997314,0.06403473019599915,0.024985933676362038,7,0,150.05,0.52,0.6
iLe,Temes,"¿Por qué me temes?
Si soy fruto de algo que no tiene nombre
El error que no comete nunca el hombre
¿Por qué me temes?

¿Por qué me temes?
Si estoy hecha para estar arrepentida
Y mi historia se ha quedado ya sin vida
¿Por qué me temes?

Si tus celo' me acuchillan por la espalda
Y e' mi culpa por haber estado sola
Si tu ira me dispara en la cabeza
¿Por qué me temes? ¿Por qué me temes?
Si mi liberta' la tiene tu despojo
Y mi cuerpo e' recipiente de tu antojo
Si mi sombra está detrá' de tu figura
¿Por qué me temes?

Si el mundo juzga con ojos cerrado'
Y todo lo que hago es un pecado
Pero si tú lo tiene' todo controlado
¿Por qué me temes?
¿Por qué me temes?

Si me arrancas todo el aire que respiro
Y mi voz la vas dejando sin sonido
Si te crees que yo sin ti no sobrevivo
¿Por qué me temes?

Si el mundo juzga con ojos cerrado'
Y todo lo que hago es un pecado
Pero si tú lo tiene' todo controlado
¿Por qué me temes?
¿A qué me temes?",0.2963123023509979,0.4175076484680176,0.024155886843800545,0.07904274016618729,0.12301841378211975,0.048896532505750656,0.011066528037190437,6,0,96.04,0.22,0.52
iLe,traguito,"En papel de la sufrida
Voy a vivirme la escena
De borracha y destruída
De tristeza y luna llena
Llorando su despedida
Me desangro por las venas
Salpico alcohol en la herida
Como si ardiera la pena

Dice que yo no soy fácil
Y qué aburrido sería
No es que yo fuera difícil
Es que fui como quería
Y por eso esoy aquí
Confesándome de nuevo
Pidiéndome otro traguito
Haciéndome que le quiero
Pidiéndome otro traguito
Hacíendome que le quiero

Que el dolor me tiene miedo
Eso se dice de mí
Que estoy hecha de veneno
Que en mala yerba me volví
Que no tengo salvación
Me deberían de encerrar
Soy solo un pobre corazón
Que se cansó de callar

Dice que yo no soy fácil
Y qué aburrido sería
No es que yo fuera difícil
Es que fui como quería
Y por eso esoy aquí
Confesándome de nuevo
Pidiéndome otro traguito
Haciéndome que le quiero
Pidiéndome otro traguito
Hacíendome que le quiero

Salud mis amores
Que beber es un placer
Como también es un derecho
Para arrancarnos del pecho dolores
Que no hay que soportar
Y si una sabe querer
Así mismo sabrá olvidar

Dice que yo no soy fácil
Y qué aburrido sería
No es que yo fuera difícil
Es que fui como quería
Y por eso esoy aquí
Confesándome de nuevo
Pidiéndome otro traguito
Haciéndome que le quiero
Pidiéndome otro traguito
Hacíendome que le quiero",0.2757132649421692,0.28548097610473633,0.06263723224401474,0.02494123764336109,0.17500083148479462,0.13678574562072754,0.03944075107574463,7,0,130.0,0.39,0.37
iLe,Triángulo,"Tengo un triangulo
Perdón, hay un triangulo
En el espacio abierto
De mis concavidades

Tengo hilos
Perdón hay tres hilos
Que me amarran los dedos
De mis extremidades

Tengo robles
Hay dos robles
Que se estiran cual sobo
Al rededor de mi

Tengo un hueco
Perdón, hay un hueco
Que me deshace toda
Hasta que no soy nadie

Tengo amargos
Perdón, hay un llanto
En el espacio abierto
De mis concavidades

Tengo fríos
Perdón, hay morimos
Quise amarrar los dedos
De mis extremidades

Tengo olores
Perdón, hay dolores
Que me estiran cual sobo
Al rededor de mi

Tengo ecos, perdón
Hay roguemos, que me besaba toda
Hasta que no soy nadie
Que me desgarra toda, hasta que soy sin ti",0.6002026200294495,0.16652902960777283,0.05017551779747009,0.06278930604457855,0.07720024138689041,0.02298165298998356,0.02012161910533905,0,0,134.99,0.32,0.41
iLe,Caníbal,"Se estrujan mis sentidos
No puedo despertar
Mi cuerpo ya curtido
Quiere reintentar

Acuchillar mis miedos
Dejarlos desangrar
Desenchufar todos mis dedos
Llegar a algún lugar

Caí
Estando arriba
Creí
Y era mentira
Estoy suspendida

La altivez me perseguía
No la supe detener
Cuando todo decrecía
Encontré como transcender

Abriendo cual cirugía
Fui descosiendo mi ser
Consumiendo en carne viva
A quien quise pretender

Caí
Estando arriba
Creí
Y era mentira
Estoy sumergida

Mientras me iba hundiendo
Un cuerpo fue devorado
El corazón desplumado
En mi estaba latiendo

Caí
Estando arriba
Creí
Y era mentira
Estoy desprendida

Caí
Estando arriba
Creí
Y era mentira",0.24854044616222382,0.3374675512313843,0.05723513662815094,0.03331670165061951,0.2057664692401886,0.08680591732263565,0.0308678038418293,11,0,120.01,0.58,0.43
