artist,song,lyrics,fear,neutral,sadness,disgust,anger,surprise,joy,key,mode,tempo,energy,valence
Carla Morrison,Disfruto,"Me complace amarte
Disfruto acariciarte
Y ponerte a dormir

Es escalofriante
Tenerte de frente
Hacerte sonreír

Daría cualquier cosa
Por tan primorosa
Por estar siempre aquí

Y, entre todas esas cosas
Déjame quererte
Entrégate a mí

No te fallaré
Contigo, yo quiero envejecer

Quiero darte un beso
Perder contigo mi tiempo
Guardar tus secretos
Cuidar tus momentos

Abrazarte
Esperarte, adorarte
Tenerte paciencia
Tu locura es mi ciencia

Ah, ah, ah, ah
Oh, oh, oh, oh
Oh, oh, oh, oh
Oh, oh, oh, oh
Uh, uh, uh, uh
Uh, uh, uh, uh
Oh, oh, oh, oh
Oh, oh, oh, oh

Disfruto mirarte
Cada movimiento
Un vicio que tengo

Un gusto valorarte
Nunca olvidarte
Entregarte mis tiempos

No te fallaré
Contigo, yo quiero envejecer

Quiero darte un beso
Perder contigo mi tiempo
Guardar tus secretos
Cuidar tus momentos

Abrazarte
Esperarte, adorarte
Tenerte paciencia
Tu locura es mi ciencia

Quiero darte un beso
Perder contigo mi tiempo
Guardar tus secretos
Cuidar tus momentos

Abrazarte
Esperarte, adorarte
Tenerte paciencia
Tu locura es mi ciencia

Ah, ah, ah, ah
Oh, oh, oh, oh
Oh, oh, oh, oh
Oh, oh, oh, oh
Uh, uh, uh, uh
Uh, uh, uh, uh
Oh, oh, oh, oh
Oh, oh, oh, oh",0.6800423264503479,0.1769755780696869,0.05877908319234848,0.031413350254297256,0.026211148127913475,0.017657805234193802,0.008920693770051003,1,0,91.05,0.13,0.12
Carla Morrison,Eres Tú,"Hoy, desperté con ganas de besarte
Tengo una sed de acariciarte
Enredarme a ti, y no soltarte
Eres tan embriagante, eres tú, eres tú

Quiero contemplarte sin contar el tiempo
Dibujarte con mis puros recuerdos
En mi mente, marcarme tus labios, tus besos
Estar aquí otro momento
Eres tú-juh-jah-juh
Eres tú-juh-jah-no
Eres tú-juh-jah-joh, oh

Me encanta verte, tenerte, abrazarte
Cuando estoy a un lado de ti
Todo lo bueno de mí, florece, eres tú
Ese imán de una preciosa energía

Es tu alma que envía señales a mi cuerpo
Porque este sigue pidiendo ese aroma de ti
Que me invita al acecho
Eres tú-juh-jah-juh
Eres tú-juh-jah-juh
Eres tú-juh-jah-joh, oh

Tenemos planes diferentes
Pero tú siempre en mi mente
Pues mis venas tan sutilmente
Disfrutan tanto quererte
Eres tú, eres tú-juh, ah-uh, juh-uh
Eres tú-juh-jah-juh
Eres tú-jah-no-no
Eres tú-jah-no-no, oh
Jah, jah, jah, no, no",0.3057120144367218,0.4453836977481842,0.04705491662025452,0.07520919293165207,0.08447367697954178,0.022822778671979904,0.01934369094669819,2,1,188.16,0.31,0.48
Carla Morrison,Hasta la Piel,"No te quiero perder
Que la distancia se devore nuestra miel
Y perdamos la fe

No te quiero tener
Y cuando menos piense perderte otra vez
Me duele hasta la piel

Dentro de mi semillas tengo de ti
Y sin ti pueden querer morir

Quiero sentarme a llorar
Sacar de adentro mil cosas
Que te quiero decir
Me siento tan débil sin ti

Quiero guardarme a la moral
Darte unos besos que quizás
Tenga que robar de tu boca mía (mía, mía)

No te quiero perder
Que el amor se acabe
Y vuelvas a querer otro sabor a miel

No te quiero tener
Porque tanto te amo
Comienzo a conocer
La intensidad de mi ser

Dentro de mi semillas tengo de ti
Y sin ti pueden querer morir

Quiero sentarme a llorar
Sacar de adentro mil cosas
Que te quiero decir
Me siento tan débil sin ti

Quiero guardarme a la moral
Darte unos besos que quizás
Tenga que robar de tu boca mía (mía, mía)",0.30821892619132996,0.2530975043773651,0.09152093529701233,0.09158541262149811,0.2100101113319397,0.015793917700648308,0.029773090034723282,9,0,104.96,0.37,0.36
Carla Morrison,Te Regalo,"Déjame tomarte de la mano
Déjame mirarte a los ojos
Déjame a través de mi mirada
Darte todo mi esplendor

Déjame quedarme aquí
Déjame besarte ahí
Donde guardas tus secretos
Los más oscuros y los más bellos

Te regalo mis piernas
Recuesta tu cabeza en ellas
Te regalo mis fuerzas
Úsalas cada que no tengas

Te regalo las piezas
Que a mi alma conforman
Que nunca nada te haga falta a ti
Te voy a amar hasta morir
Te voy a amar hasta morir

Déjame jugar contigo
Déjame hacerte sonreír
Déjame darte de mi dulzura
Pa' que sientas lo que sentí

Déjame cuidarte
Déjame abrazarte
Déjame enseñarte todo lo que tengo
Pa' hacerte muy feliz

Te regalo mis piernas
Recuesta tu cabeza en ellas
Te regalo mis fuerzas
Úsalas cada que no tengas

Te regalo las piezas
Que a mi alma conforman
Que nunca nada te haga falta a ti
Te voy a amar hasta morir

Te regalo mis piernas
Recuesta tu cabeza en ellas
Te regalo mis fuerzas
Úsalas cada que no tengas

Te regalo las piezas
Que a mi alma conforman
Que nunca nada te haga falta a ti
Te voy a amar hasta morir
Te voy a amar hasta morir
Te voy a amar hasta morir",0.37153828144073486,0.32994604110717773,0.07324090600013733,0.04599495977163315,0.08686678111553192,0.04711317643523216,0.045299798250198364,2,1,120.98,0.12,0.32
Carla Morrison,Déjenme Llorar,"He estado recordando los momentos que te di
Cuántos tú me diste y porque ahora estoy aquí
Sentada en el suelo, pensando que te quiero
Que te quise tanto, y que tu amor me es necesario

Déjenme llorar
Quiero sacarlo de mi pecho
Con mi llanto apagar
Este fuego que arde adentro

Déjenme llorar
Quiero despedirme en silencio
Hacer mi mente razonar
Que para esto no hay remedio

Oh, oh, oh (déjenme llorar)
Oh-oh-oh, no
Oh-oh, oh (déjenme llorar)

Fueron tan bellos encuentros
Amarnos sin miedo
Eres tú la noche y yo tu sueño
Tú, mi cuentacuentos

Te olvidaré, te lo juro, lo siento
Tu amor me hace daño
Y esto no puedes ya arreglarlo

Pero amor como el mío no hallarás por ahí
Porque este amor apuesta hasta por mí

Déjenme llorar
Quiero sacarlo de mi pecho
Con mi llanto apagar
Este fuego que arde adentro

Déjenme llorar
Quiero despedirme en silencio
Hacer mi mente razonar
Que para esto no hay remedio

Déjenme llorar
Quiero sacarlo de mi pecho
Con mi llanto apagar
Este fuego que arde adentro

Déjenme llorar
Quiero despedirme en silencio
Hacer mi mente razonar
Que para esto no hay remedio

Déjenme llorar
Déjenme llorar",0.5770285725593567,0.18171745538711548,0.0860072448849678,0.02513258345425129,0.029751600697636604,0.08670896291732788,0.013653550297021866,10,0,93.99,0.31,0.08
Carla Morrison,Me Encanta,"Me encanta el sabor de tus besos
Me asusta el sentir que te quiero
Quiero controlar mis deseos
Pero tu aroma incita mis besos

Y mi piel comienza a confundir
Lo que tus caricias quieren decir
Y a mi cuerpo en tu cuerpo
Esto no puede suceder

Respeto a alguien le debo tener
Son tus besos y mis besos

Voy a fugarme otra vez
No quiero herirme, no sé
Tengo miedo mucho miedo
Es importante lo es
Mi corazón ya no
Cree está seco ya muy seco

Tus preguntas alimentan mi ego
Y me siento importante de nuevo
Tengo rato mirándote de lejos
Me gusta los encuentros secretos

Y mi piel comienza a confundir lo que
Tus caricias quieren decir
Y a mi cuerpo en tu cuerpo
Esto no puede suceder

Respeto a alguien le debo tener
Son tus besos y mis besos

Voy a fugarme otra vez
No quiero herirme, no sé
Tengo miedo mucho miedo
Es importante lo es
Mi corazón ya no cree
Está seco ya, muy seco

Voy a fugarme otra vez
No quiero herirme, no sé
Tengo miedo mucho miedo
Es importante lo es
Mi corazón ya no cree
Está seco ya, muy seco",0.13590192794799805,0.4140896797180176,0.07043331861495972,0.15414319932460785,0.12074712663888931,0.04565218463540077,0.059032514691352844,2,0,67.41,0.41,0.34
