artist,song,lyrics,neutral,fear,surprise,anger,disgust,sadness,joy,key,mode,tempo,energy,valence
Love of Lesbian,Club de fans de John Boy,"Todos los raros fuimos al concierto del gran telépata de Dublín
Media hora antes invadimos el metro, yo iba obligado y tu en éxtasis
Y tanto os daba ocho como ochenta a los fanáticos de John Boy
Frente al estadio ya cantabais sus temas, primeras filas vuestra obsesión

Decíais que John Boy era boreal, algo ambiguo y de infancia gris
Sinceramente yo lo detestaba hasta morir
La luz se desmayó, ""¿con cual van a empezar?""
A ti te daba igual, dijiste: ""acertará""

Oh, oh, oh!

Como es posible que haya estado en tus infiernos
Es imposible, no, misterio, y quien tuviera su don
Sería posible conocerte más por dentro
No lo conseguiré, saber más de ti

Yo no soy fan, otro fan de John Boy
Odio a John Boy, tu odiarás a John Boy

De aquellas masas era el gran insecto, ""tiene poderes"" llegaste a decir
Creo que lleva media vida huyendo, quizás le pasa lo mismo que a mi
Había expandido su emisión global desde Lima hasta Reikiavik
Y sin embargo a quien tenía cerca no podía transmitir

Mirada universal de alcance personal
Me hipnotizó por fin con su verso letal

Oh, oh, oh!

Como es posible que haya estado en sus infiernos
Es imposible, no, misterio, y quien tuviera su don
Sería posible conocerte más por dentro
No lo conseguiré, nunca sabré

Si yo no tengo su don
Si yo no tengo su don

Y ahora ya soy, y ahora ya, ya lo soy
Y ahora ya soy, otro fan de John Boy
Y ahora ya soy, y ahora ya, ya lo soy
Y ahora ya soy, otro fan de John Boy",0.478823184967041,0.21162229776382446,0.12458709627389908,0.059413790702819824,0.0475626103579998,0.04550151899456978,0.03248950466513634,11,0,132.04,0.82,0.78
Love of Lesbian,Lucha de Gigantes,"Lucha de gigantes
Convierte
El aire en gas natural
Un duelo salvaje advierte
Lo cerca que ando de entrar
En un mundo descomunal
Siento mi fragilidad.

Vaya pesadilla
Corriendo
Con una bestia detras
Dime que es mentira todo
Un sueño tonto y no más
Me da miedo la enormidad
Donde nadie oye mi voz.

Deja de engañar
No quieras ocultar
Que has pasado sin tropezar, no
Monstruo de papel
No sé contra quien voy
¿O es que acaso hay alguien mas aquí?

Creo en los fantasmas terribles
De algun extraño lugar
Y en mis tonterías para
Hacer tu risa estallar
En un mundo descomunal
Siento tu fragilidad

Deja de engañar
No quieras ocultar
Que has pasado sin tropezar
Monstruo de papel
No sé contra quien voy
¿O es que acaso hay alguien más aquí?

Deja que pasemos sin miedo.",0.5232467651367188,0.1673930138349533,0.046328525990247726,0.08910681307315826,0.10043178498744965,0.04443671926856041,0.02905644290149212,4,0,108.13,0.48,0.36
Love of Lesbian,Incendios de nieve,"Ya ves, soy un loco y son más de las tres,
ya sé que está mal romper ventanas de un bloque
para encontrarte y decirte ""no habrá más reproches"".

Intento mostrarte que lo mío es real,
quise alquilar un cantante de peso
y, la verdad, me asusté al leer esos precios.

No serás capaz de odiarme,
tan sólo quería ilustrar
que quiero arriesgarme a conocerte
porque el miedo al fin cayó, al fin cedió.

Tú mira hacia abajo, llevo una banda especial,
doscientos sonámbulos que silban de miedo,
flautistas morenos y seis timbaleros, dos mancos
y espectros de noche que encontré en la ciudad,
como este anormal con un didgeridoo negro,
mal ventilado y peor de los nervios que yo.

No serás capaz de odiarme,
si lo he empeorado aún más
que bajen tus labios y me callen,
sino empezaremos a silbar.

Por si alguien aún duerme,
incendios de nieve y calor, calor,
a veces te pasas, incendios de nieve y calor, calor.

Y al parecer nos sienta bien pelear,
justo al contrario, fortalece más.
Supera esto, no serás capaz,
supera esto, no serás capaz,
no ...",0.674959123134613,0.09206721931695938,0.02980859950184822,0.06392266601324081,0.08425324410200119,0.03924744948744774,0.015741698443889618,7,1,130.07,0.56,0.28
Love of Lesbian,Maniobras de escapismo,"Ya no vale echarse atrás,
vamos a ultimar el plan de escapismo,
lo has prometido.

Si día a día hemos ido a peor,
si nunca caes de pie, ¿quién mueve los hilos?,
corta el ciclo.

Noche maga, ¿adónde fuiste?
De nada sirve ir a más velocidad
si los recuerdos te encadenan.
Y encerrado entre ti mismo,
maniobras de escapismo
se convierten en refugios o salidas
por donde escapar.

Por las ventanas sé que escaparán,
van a ser un millón, un millón,
saldrán por las calles
a asustarles.
Creo que tiemblas como un flan,
prometiste iniciar conmigo el viaje,
no me plantes.

Noche maga, ¿adónde fuiste?
De nada sirve ir a más velocidad
si los recuerdos te encadenan.
Y encerrado entre ti mismo
maniobras de escapismo ...
me diluirán.",0.5931249260902405,0.1049678698182106,0.05778990685939789,0.07666032016277313,0.12691070139408112,0.028955090790987015,0.011591162532567978,0,1,144.99,0.77,0.62
Love of Lesbian,1999,"Hasta aquí llegó el ritual
de enfados y canibalismo estúpido.
Son demasiadas horas en vela
y nada que decir.

Descansamos nuestra espalda
en las persianas bien cerradas,
tú y yo anémicos
y a cada parpadeo calmado
intentamos dormir.

Terapias mal llevadas sin nadie
que mediara por dos histéricos,
mis gritos envasados al vacío
reventaron al fin.

Y ahora congelo cada instante
sabiendo de antemano
que son los últimos
la noche en que el noventa y nueve
llegó hasta abril.

Ya no hay ganas de seguir el show,
ni de continuar fingiendo,
sólo quiero ser espectador,
relax, entertainment.

Me pregunto quién pensó el guión,
debe estar bastante enfermo,
fue el estreno de un gran director,
le caerán mil premios.

Y al subir al taxi
mis palabras son vapor de cristal
y me dejo el alma
cuando escribo en la ventana:
""que sea cierto el jamás"".
¡Oh, cállate!

Y ahora relájate,
ella lo lleva bien,
está aliviada, ¿ves?,
todo ha acabado bien.

Te dice: fíjate,
mira mis manos, ¿ves?,
no pesan nada, ¿ves?,
están flotando ¿ves?.

Putas ganas de seguir el show
ni de continuar mintiendo
y en un travelling algo veloz
sale un ""fin"" en negro.

Me pregunto quién pensó el guión,
debe estar bastante enfermo,
fue el estreno de un gran director,
le caerán mil premios.

Y a medias del viaje,
callo a gritos
que no quieras bajar.

Y pierdo la conciencia
cuando escucho como dices:
""que sea cierto el jamás"".
¡Oh, muérete!",0.5497669577598572,0.11901473253965378,0.0468301884829998,0.10985646396875381,0.086795374751091,0.03346753120422363,0.05426878109574318,0,1,160.07,0.56,0.35
