artist,song,lyrics,neutral,anger,sadness,fear,joy,surprise,disgust,key,mode,tempo,energy,valence
BLACKPINK,How You Like That,"BLACKPINK in your areaBLACKPINK in your area

보란 듯이 무너졌어boran deusi muneojyeosseo
바닥을 뚫고 저 지하까지badageul ttulkko jeo jihakkaji
옷 끝자락 잡겠다고ot kkeutjarak japgetdago
저 높이 두 손을 뻗어 봐도jeo nopi du soneul ppeodeo bwado

다시 캄캄한 이곳에 light up the skydasi kamkamhan igose light up the sky
네 두 눈을 보며, I′ll kiss you goodbyene du nuneul bomyeo, I′ll kiss you goodbye
실컷 비웃어라 꼴 좋으니까silkeot biuseora kkol joeunikka
이제 너희, 하나, 둘, 셋ije neohui, hana, dul, set

Ha, how you like that?Ha, how you like that?
You gon’ like that, that, that, that, thatYou gon’ like that, that, that, that, that
That, that, that, thatThat, that, that, that
How you like that? (Badabim badabum bumbum)How you like that? (Badabim badabum bumbum)
How you like that, that, that, that, thatHow you like that, that, that, that, that
That, that, that, thatThat, that, that, that

Now look at you, now look at meNow look at you, now look at me
Look at you, now look at meLook at you, now look at me
Look at you, now look at meLook at you, now look at me
How you like that?How you like that?
Now look at you, now look at meNow look at you, now look at me
Look at you, now look at meLook at you, now look at me
Look at you, now look at meLook at you, now look at me
How you like that?How you like that?

Your girl need it all and that′s a hunnidYour girl need it all and that′s a hunnid
백 개 중에 백, 내 몫을 원해baek gae jung-e baek, nae mokseul wonhae
Karma come and get someKarma come and get some
딱하지만 어쩔 수 없잖아ttakajiman eojjeol su eopjana
What's up? I'm right back (right back)What's up? I'm right back (right back)
방아쇠를 cock back (cock back)bang-asoereul cock back (cock back)
Plain Jane get hijackedPlain Jane get hijacked
Don’t like me?Don’t like me?
Then tell me how you like that, like thatThen tell me how you like that, like that

더 캄캄한 이곳에 shine like the starsdeo kamkamhan igose shine like the stars
그 미소를 띠며, I′ll kiss you goodbyegeu misoreul ttimyeo, I′ll kiss you goodbye
실컷 비웃어라 꼴 좋으니까silkeot biuseora kkol joeunikka
이제 너희, 하나, 둘, 셋ije neohui, hana, dul, set

Ha, how you like that?Ha, how you like that?
You gon’ like that, that, that, that, thatYou gon’ like that, that, that, that, that
That, that, that, thatThat, that, that, that
How you like that? (Badabim badabum bumbum)How you like that? (Badabim badabum bumbum)
How you like that, that, that, that, thatHow you like that, that, that, that, that
That, that, that, thatThat, that, that, that

Now look at you, now look at meNow look at you, now look at me
Look at you, now look at meLook at you, now look at me
Look at you, now look at meLook at you, now look at me
How you like that?How you like that?
Now look at you, now look at meNow look at you, now look at me
Look at you, now look at meLook at you, now look at me
Look at you, now look at meLook at you, now look at me
How you like that?How you like that?

날개 잃은 채로 추락했던 날nalgae ireun chaero churakaetdeon nal
어두운 나날 속에 갇혀 있던 날eoduun nanal soge gachyeo itdeon nal
그때쯤에 넌 날 끝내야 했어geuttaejjeume neon nal kkeunnaeya haesseo
Look up in the sky, it′s a bird, it's a planeLook up in the sky, it′s a bird, it's a plane

(Yeah, yeah, yeah)(Yeah, yeah, yeah)
Bring out your boss bitchBring out your boss bitch
(Yeah, yeah, yeah)(Yeah, yeah, yeah)
BLACKPINK!BLACKPINK!

(Dumdumdum dururum dumdumdum dururum)(Dumdumdum dururum dumdumdum dururum)
How you like that?How you like that?
(Dumdumdum dururum dumdumdum durururum)(Dumdumdum dururum dumdumdum durururum)
You gon’ like thatYou gon’ like that
(Dumdumdum dururum dumdumdum dururum)(Dumdumdum dururum dumdumdum dururum)
How you like that?How you like that?
(Dumdumdum dururu dumdumdum durururu)(Dumdumdum dururu dumdumdum durururu)",0.41578957438468933,0.2079208791255951,0.10354442149400711,0.09784282743930817,0.08475084602832794,0.056118279695510864,0.03403306007385254,11,1,130.03,0.76,0.34
BLACKPINK,Kill This Love,"Yeah, yeah, yeah
BLACKPINK IN YOUR AREA!
Yeah, yeah, yeah

천사 같은 ""hi"" 끝엔 악마 같은 ""bye""
매번 미칠듯한 high 뒤엔 뱉어야
하는 price
이건 답이 없는 test
매번 속더라도 yes
딱한 감정의 노예
얼어 죽을 사랑해

Here I come kick in the door
가장 독한 걸로 줘
뻔하디 뻔한 그 love
더 내놔봐 give me some more
알아서 매달려 벼랑 끝에
한마디면 또 like 헤벌레 해
그 따뜻한 떨림이 새빨간 설렘이
마치 heaven 같겠지만
You might not get in it

Look at me, look at you
누가 더 아플까
You smart 누가 you are
두 눈에 피눈물 흐르게 된다면
So sorry 누가 you are
나 어떡해 나약한 날 견딜 수 없어
애써 두 눈을 가린 채
사랑의 숨통을 끊어야겠어

Let's kill this love!
Yeah, yeah, yeah
Rum, pum, pum, pum, pum, pum, pum
Let's kill this love!
Rum, pum, pum, pum, pum, pum, pum

Feelin' like a sinner
It's so fire with him I go boo, ooh
He said you look crazy
Thank you baby
I owe it all to you
Got me all messed up
His love is my favorite
But you plus me
Sadly can be dangerous

Lucky me, lucky you
결국엔 거짓말 we lie
So what? So what?
만약에 내가 널 지우게
된다면 so sorry
I'm not sorry
나 어떡해 나약한 날 견딜 수 없어
애써 눈물을 감춘 채, eh
사랑의 숨통을 끊어야겠어

Let's kill this love!
Yeah, yeah, yeah, yeah, yeah
Rum, pum, pum, pum, pum, pum, pum
Let's kill this love!
Rum, pum, pum, pum, pum, pum, pum

We all commit to love
That makes you cry, oh oh
We're all making love
That kills you inside, yeah

We must kill this love (Yeah, yeah)
Yeah, it's sad but true
Gotta kill this love (Yeah, yeah)
Before it kills you too
Kill this love (Yeah, yeah)
Yeah, it's sad but true
Gotta kill this love (Yeah, yeah)
Let's kill this love!",0.2381218522787094,0.03158019855618477,0.5604391098022461,0.10357887297868729,0.02435925044119358,0.031013652682304382,0.01090706791728735,2,0,131.88,0.84,0.65
BLACKPINK,DDU-DU DDU-DU,"BLACKPINK!BLACKPINK!
Ah yeah, ah yeahAh yeah, ah yeah
BLACKPINK!BLACKPINK!
Ah yeah, ah yeahAh yeah, ah yeah

착한 얼굴에 그렇지 못한 태도chakan eolgure geureochi motan taedo
가녀린 몸매 속 가려진 volume은 두 배로ganyeorin mommae sok garyeojin volumeeun du baero
거침없이 직진 굳이 보진 않지 눈치geochimeopsi jikjin guji bojin anji nunchi
Black 하면 pink 우린 예쁘장한 savage (BLACKPINK!)Black hamyeon pink urin yeppeujanghan savage (BLACKPINK!)

원할 땐 대놓고 뺏지wonhal ttaen daenoko ppaetji
넌 뭘 해도 칼로 물 베기neon mwol haedo kallo mul begi
두 손엔 가득한 fat checkdu sonen gadeukan fat check
궁금하면 해봐 fact checkgunggeumhamyeon haebwa fact check
눈 높인 꼭대기nun nopin kkokdaegi
물 만난 물고기mul mannan mulgogi
좀 독해 난 toxicjom dokae nan toxic
You 혹해 I'm foxyYou hokae I'm foxy

두 번 생각해du beon saenggakae
흔한 남들처럼 착한 척은 못 하니까heunhan namdeulcheoreom chakan cheogeun mot hanikka
착각하지 마chakgakaji ma
쉽게 웃어주는 건 날 위한 거야swipge useojuneun geon nal wihan geoya
아직은 잘 모르겠지ajigeun jal moreugetji
굳이 원하면 test meguji wonhamyeon test me
넌 불 보듯이 뻔해neon bul bodeusi ppeonhae
만만한 걸 원했다면manmanhan geol wonhaetdamyeon

Oh, wait till I do what I doOh, wait till I do what I do
Hit you with that ddu-du ddu-du du (ah yeah, ah yeah)Hit you with that ddu-du ddu-du du (ah yeah, ah yeah)
Hit you with that ddu-du ddu-du du (ah yeah, ah yeah)Hit you with that ddu-du ddu-du du (ah yeah, ah yeah)
ddu-du ddu-du duddu-du ddu-du du

(Hit you with that, hit you with that, hit you with that)(Hit you with that, hit you with that, hit you with that)
BLACKPINK!BLACKPINK!

지금 내가 걸어가는 거린jigeum naega georeoganeun georin
BLACKPINK 4 way 사거리BLACKPINK 4 way sageori
동서남북 사방으로 run itdongseonambuk sabang-euro run it
너네 버킷리스트 싹 다 I bought itneone beokilliseuteu ssak da I bought it
널 당기는 것도 멀리 밀치는 것도neol danggineun geotdo meolli milchineun geotdo
제멋대로 하는 bad girljemeotdaero haneun bad girl
좋건 싫어하건 누가 뭐라 하던jokeon sireohageon nuga mwora hadeon
When the bass drop it’s another bangerWhen the bass drop it’s another banger

두 번 생각해du beon saenggakae
흔한 남들처럼 착한 척은 못 하니까heunhan namdeulcheoreom chakan cheogeun mot hanikka
착각하지 마chakgakaji ma
쉽게 웃어주는 건 날 위한 거야swipge useojuneun geon nal wihan geoya
아직은 잘 모르겠지ajigeun jal moreugetji
굳이 원하면 test meguji wonhamyeon test me
넌 불 보듯이 뻔해neon bul bodeusi ppeonhae
만만한 걸 원했다면manmanhan geol wonhaetdamyeon

Oh wait till I do what I doOh wait till I do what I do
Hit you with that ddu-du ddu-du du (ah yeah, ah yeah!)Hit you with that ddu-du ddu-du du (ah yeah, ah yeah!)
Hit you with that ddu-du ddu-du du (ah yeah, ah yeah!)Hit you with that ddu-du ddu-du du (ah yeah, ah yeah!)
ddu-du ddu-du duddu-du ddu-du du

What you gonna do when IWhat you gonna do when I
Come, come through with that, that, uh, uh huhCome, come through with that, that, uh, uh huh
What you gonna do when IWhat you gonna do when I
Come, come through with that, that, uh, uh huhCome, come through with that, that, uh, uh huh

뜨거워 뜨거워 뜨거워 like firetteugeowo tteugeowo tteugeowo like fire
(ddu-du ddu-du du, ddu-du ddu-du du)(ddu-du ddu-du du, ddu-du ddu-du du)
뜨거워 뜨거워 뜨거워 like firetteugeowo tteugeowo tteugeowo like fire
(ddu-du ddu-du du, ddu-du ddu-du du)(ddu-du ddu-du du, ddu-du ddu-du du)

BLACKPINK!BLACKPINK!
Hey!Hey!
ddu-du ddu-du du du du duddu-du ddu-du du du du du
Ah yeah, ah yeah, ah yeah, ah yeahAh yeah, ah yeah, ah yeah, ah yeah
뜨거워 뜨거워 뜨거워 like firetteugeowo tteugeowo tteugeowo like fire
뜨거워 뜨거워 뜨거워 like firetteugeowo tteugeowo tteugeowo like fire

Hit you with that ddu-du ddu-du duHit you with that ddu-du ddu-du du",0.3046991527080536,0.24084754288196564,0.08373482525348663,0.10382162034511566,0.12687979638576508,0.103205107152462,0.03681192919611931,4,0,140.04,0.83,0.39
BLACKPINK,Pink Venom,"BLACKPINK, BLACKPINKBLACKPINK, BLACKPINK
BLACKPINK, BLACKPINKBLACKPINK, BLACKPINK

Kick in the door, waving the CocoKick in the door, waving the Coco
팝콘이나 챙겨 껴들 생각 말고papkonina chaenggyeo kkyeodeul saenggak malgo
I talk that, talk, runways I walk, walkI talk that, talk, runways I walk, walk
눈 감고 pop, pop 안 봐도 척nun gamgo pop, pop an bwado cheok

One by one then two by twoOne by one then two by two
내 손끝 툭 하나에 다 무너지는 중nae sonkkeut tuk hana-e da muneojineun jung
가짜 쇼 치곤 화려했지gajja syo chigon hwaryeohaetji
Makes no sense, you couldn’t get a dollar outta meMakes no sense, you couldn’t get a dollar outta me

자 오늘 밤이야 난 독을 품은 꽃ja oneul bamiya nan dogeul pumeun kkot
네 혼을 빼앗은 다음ne honeul ppae-aseun da-eum
Look what you made us doLook what you made us do

천천히 널 잠재울 fire (fire)cheoncheonhi neol jamjae-ul fire (fire)
잔인할 만큼 아름다워janinhal mankeum areumdawo

I bring the pain likeI bring the pain like

This that pink venomThis that pink venom
This that pink venomThis that pink venom
This that pink venomThis that pink venom
Get 'em, get 'em, get 'emGet 'em, get 'em, get 'em
Straight to ya dome like whoa, whoa, whoaStraight to ya dome like whoa, whoa, whoa
Straight to ya dome like ah, ah, ahStraight to ya dome like ah, ah, ah

Taste that pink venomTaste that pink venom
Taste that pink venomTaste that pink venom
Taste that pink venomTaste that pink venom
Get 'em, get 'em, get 'emGet 'em, get 'em, get 'em
Straight to ya dome like whoa, whoa, whoaStraight to ya dome like whoa, whoa, whoa
Straight to ya dome like ah, ah, ahStraight to ya dome like ah, ah, ah

Black paint and ammo, got bodies like RamboBlack paint and ammo, got bodies like Rambo
Rest in peace, please light up a candleRest in peace, please light up a candle
This da life of a vandal, masked up and I'm still in CelineThis da life of a vandal, masked up and I'm still in Celine
Designer crimes or it wouldn't be me, wooDesigner crimes or it wouldn't be me, woo

Diamonds shinin', drive in silence, I don't mind it, I’m ridin'Diamonds shinin', drive in silence, I don't mind it, I’m ridin'
Flyin' private side by side with da pilot, up in the skyFlyin' private side by side with da pilot, up in the sky
And I’m wildin', stylin' on them and there's no chanceAnd I’m wildin', stylin' on them and there's no chance
'Cause we got bodies on bodies like this a slow dance'Cause we got bodies on bodies like this a slow dance

자 오늘 밤이야 난 독을 품은 꽃ja oneul bamiya nan dogeul pumeun kkot
네 혼을 빼앗은 다음ne honeul ppae-aseun da-eum
Look what you made us doLook what you made us do

천천히 널 잠재울 fire (fire)cheoncheonhi neol jamjae-ul fire (fire)
잔인할 만큼 아름다워janinhal mankeum areumdawo

I bring the pain likeI bring the pain like

This that pink venomThis that pink venom
This that pink venomThis that pink venom
This that pink venomThis that pink venom
Get 'em, get 'em, get 'emGet 'em, get 'em, get 'em
Straight to ya dome like whoa, whoa, whoaStraight to ya dome like whoa, whoa, whoa
Straight to ya dome like ah, ah, ahStraight to ya dome like ah, ah, ah

Taste that pink venomTaste that pink venom
Taste that pink venomTaste that pink venom
Taste that pink venomTaste that pink venom
Get 'em, get 'em, get 'emGet 'em, get 'em, get 'em
Straight to ya dome like whoa, whoa, whoaStraight to ya dome like whoa, whoa, whoa
Straight to ya dome like ah, ah, ahStraight to ya dome like ah, ah, ah

원한다면 provoke uswonhandamyeon provoke us
감당 못해 and you know thisgamdang motae and you know this
이미 퍼져버린 shot that potionimi peojyeobeorin shot that potion
네 눈앞은 핑크빛 oceanne nunapeun pingkeubit ocean

Come and give me all the smokeCome and give me all the smoke
도 아니면 모 like I'm so rock and rolldo animyeon mo like I'm so rock and roll
Come and give me all the smokeCome and give me all the smoke
다 줄 세워 봐 자 stop, dropda jul sewo bwa ja stop, drop

I bring the pain likeI bring the pain like

Ra-tatata, ra-tatataRa-tatata, ra-tatata
Ra-tatata, ra-tatataRa-tatata, ra-tatata
Ra-tatata, ra-tatataRa-tatata, ra-tatata

Straight to yaStraight to ya
Straight to yaStraight to ya
Straight to ya dome likeStraight to ya dome like

Ra-tatata, ra-tatataRa-tatata, ra-tatata
Ra-tatata, ra-tatataRa-tatata, ra-tatata
Ra-tatata, ra-tatataRa-tatata, ra-tatata

I bring the pain likeI bring the pain like",0.36321622133255005,0.0868389680981636,0.34059008955955505,0.07618387788534164,0.05512595176696777,0.06966248154640198,0.008382370695471764,0,1,90.03,0.7,0.75
BLACKPINK,Shut Down,"BLACKPINK in your area, eh ohBLACKPINK in your area, eh oh
BLACKPINK in your area, eh ohBLACKPINK in your area, eh oh

컴백이 아냐 떠난 적 없으니까keombaegi anya tteonan jeok eopseunikka
고개들이 돌아 진정해 목 꺾일라gogaedeuri dora jinjeonghae mok kkeokkilla
분홍빛의 얼음 drip, drip, drip, freeze 'em on sightbunhongbichui eoreum drip, drip, drip, freeze 'em on sight
Shut it down, what, what, what, what?Shut it down, what, what, what, what?

게임이 아냐 진 적이 없으니까geimi anya jin jeogi eopseunikka
짖어봐 네 목에 목줄은 내 거니까jijeobwa ne moge mokjureun nae geonikka
땅바닥에 닿은 pedal we go two zero fivettangbadage daeun pedal we go two zero five
Shut it down, uh, uh, uh, uhShut it down, uh, uh, uh, uh

초록 비를 내려 머리 위로 don’t trip, babychorok bireul naeryeo meori wiro don’t trip, baby
겸손하게 그냥 앉아있어 just sit, babygyeomsonhage geunyang anjaisseo just sit, baby

Praying for my downfall, many have tried, babyPraying for my downfall, many have tried, baby
Catch me when you hear my Lamborghini go vroom, vroom, vroom, vroomCatch me when you hear my Lamborghini go vroom, vroom, vroom, vroom

When we pull up you know it’s a shutdownWhen we pull up you know it’s a shutdown
간판 내리고 문 잠가 shut downganpan naerigo mun jamga shut down
Whip it, whip it, whip it, whip itWhip it, whip it, whip it, whip it
Whip it, whip it, whip it, whip itWhip it, whip it, whip it, whip it
It’s black and it's pink once the Sun downIt’s black and it's pink once the Sun down

When we pull up you know it’s a shutdownWhen we pull up you know it’s a shutdown
간판 내리고 문 잠가 shut downganpan naerigo mun jamga shut down
Whip it, whip it, whip it, whip itWhip it, whip it, whip it, whip it
Whip it, whip it, whip it, whip itWhip it, whip it, whip it, whip it
Keep watching me shut it downKeep watching me shut it down

NahNah
You don't wanna be on my bad side, that's right, I'm slidin' throughYou don't wanna be on my bad side, that's right, I'm slidin' through
Bunch of wannabes that wanna be me, me three if I was youBunch of wannabes that wanna be me, me three if I was you
Been around the world, pearls on ya girl, VVS's we invested, uhBeen around the world, pearls on ya girl, VVS's we invested, uh
Need a lesson, see the necklace, see these dressesNeed a lesson, see the necklace, see these dresses
We don’t buy it, we request it, uhWe don’t buy it, we request it, uh

A rockstar, a popstar but rowdierA rockstar, a popstar but rowdier
Say bye to the paparazzi, get my good side, I'll smile for yaSay bye to the paparazzi, get my good side, I'll smile for ya
Know it ain't fair to ya, it’s scarin' ya like what nowKnow it ain't fair to ya, it’s scarin' ya like what now
BLACKPINK in your area, the area been shut down, it’s a shutdownBLACKPINK in your area, the area been shut down, it’s a shutdown

네 다음 답안지야 똑바로 봐 don’t sleep, babyne da-eum dabanjiya ttokbaro bwa don’t sleep, baby
뒤집어봐 이건 가격표야 ain’t cheap, babydwijibeobwa igeon gagyeokpyoya ain’t cheap, baby

Stay in your own lane 'cause I'm 'bout to swerveStay in your own lane 'cause I'm 'bout to swerve
Catch me when you hear my Lamborghini go vroom, vroom, vroom, vroomCatch me when you hear my Lamborghini go vroom, vroom, vroom, vroom

When we pull up you know it's a shutdownWhen we pull up you know it's a shutdown
간판 내리고 문 잠가 shut downganpan naerigo mun jamga shut down
Whip it, whip it, whip it, whip itWhip it, whip it, whip it, whip it
Whip it, whip it, whip it, whip itWhip it, whip it, whip it, whip it
It’s black and it’s pink once the Sun downIt’s black and it’s pink once the Sun down

When we pull up you know it's a shutdownWhen we pull up you know it's a shutdown
간판 내리고 문 잠가 shut downganpan naerigo mun jamga shut down
Whip it, whip it, whip it, whip itWhip it, whip it, whip it, whip it
Whip it, whip it, whip it, whip itWhip it, whip it, whip it, whip it
Keep watching me shut it downKeep watching me shut it down

Shut it down, BLACKPINK in your areaShut it down, BLACKPINK in your area
Shut it down, woah, woah, woah, woahShut it down, woah, woah, woah, woah
Shut it down, BLACKPINK in your areaShut it down, BLACKPINK in your area
Keep talking, we shut you downKeep talking, we shut you down",0.16213245689868927,0.16194456815719604,0.05191130191087723,0.39255690574645996,0.010917026549577713,0.19098548591136932,0.029552260413765907,0,1,110.06,0.7,0.62
BLACKPINK,AS IF IT'S YOUR LAST,"neo mwonde jakku saenggakna
jajonsim sanghae aega ta
eolguri tteugeopgo gaseumeun gyesok ttwieo
nae momi mamdaero an dwae eojireowo

neon han jumui morae gata
japhil deut japhiji anha
neon swipji anheun geol geuraeseo deo kkeullyeo
nae mami mamdaero an dwae eoieopseo

jigeum neoreul wonhaneun
nae sumgyeori neukkyeojini
neol barabogo isseodo missing you
seotun nal won’t you set me free

Baby nal teojil geoscheoreom anajwo

geuman saenggakhae mwoga geuri eoryeowo

geojismalcheoreom kiseuhaejwo naega neoege
majimak sarangin geoscheoreom

majimakcheoreom ma-ma-majimakcheoreom
majimak bamin geoscheoreom love
majimakcheoreom ma-ma-majimakcheoreom
naeil ttawin eopsneun geoscheoreom

Uh I’ma fall in love baby
You gon finna catch me
Uh give you all of this baby
Call me pretty and nasty
Cause we gonna get it my love
you can bet it on
black we gon double the stack
on them whoa

I be the Bonnie
and you be my Clyde
We ride or die
Xs and Os

siganeun heulleoganeunde maeumman geuphaejiji
nae sesangeun neo hanaman missing you
seotun nal won’t you set me free

Baby nal teojil geoscheoreom anajwo
geuman saenggakhae mwoga geuri eoryeowo

geojismalcheoreom kiseuhaejwo naega neoege
majimak sarangin geoscheoreom

majimakcheoreom ma-ma-majimakcheoreom
majimak bamin geoscheoreom love
majimakcheoreom ma-ma-majimakcheoreom

naeil ttawin eopsneun geoscheoreom

One two three saeroun sijagiya
jeoldae dwidorabojin anheul geonikka

nal neoege deonjimyeon neoneun nal kkok jabajwo
sesangeun uril kkeokkji moshal tenikka

BLACKPINK in your area

baby nal teojil geoscheoreom anajwo
geuman saenggakhae mwoga geuri eoryeowo

geojismalcheoreom kiseuhaejwo naega neoege
majimak sarangin geoscheoreom

majimakcheoreom ma-ma-majimakcheoreom
majimak bamin geoscheoreom love

majimakcheoreom ma-ma-majimakcheoreom
naeil ttawin eopsneun geoscheoreom love",0.18717287480831146,0.04261266440153122,0.6163512468338013,0.02471393533051014,0.036554936319589615,0.08567557483911514,0.006918801460415125,8,1,125.07,0.87,0.53
BLACKPINK,BOOMBAYAH,"BLACKPINK in your area
Been a bad girl I know I am
And I'm so hot I need a fan
I don't want a boy I need a man
Click-Clack ! Badda
Bing badda booom !
Muneul bakchamyeon modu nal barabom
Gudi aesseo noryeok an haedo
Modeun namjadeureun kopiga pangpangpang
Pangpang parapara pangpangpang
Jigeum nal wihan chukbaereul jjanjjanjjan
Hands up ! Nae sonen
Bottle full o' henny
Nega malloman deutdeon gyaega naya Jennie
Chumchuneun bulbicceun nal gamssago done
Black to the pink

Eodiseodeun teukbyeolhae Oh yes
Chyeoda bodeun maldeun I wanna dance
Like ttaradaradanttan
Ttaradaradanttan ttudurupbau
Joha i bunwigiga joha
Joha nan jigeum nega joha
Jeongmal banhaesseo oneul bam
Neowa chumchugo sipeo

BOOMBAYAH
YAH YAH YAH BOOMBAYAH
YAH YAH YAH BOOMBAYAH
YAH YAH YAH YAH
BOOM BOOM BA BOOM
BOOM BA oppa
YAH YAH YAH YAH YAH YAH
YAH YAH YAH YAH
YAH YAH YAH YAH YAH YAH

YAH YAH YAH YAH oppa
YAH YAH YAH YAH YAH YAH
YAH YAH YAH YAH
YAH YAH YAH YAH YAH YAH
YAH BOOM BOOM BA
BOOMBAYAH

BLACKPINK in your area
Ije dallyeoyaji mwol eotteokhae
Nan cheol eopseo geop eopseo man
Middle finger up F U pay me
90't baby I pump up the jam
Dallyeobwa dallyeobwa oppaya lAMpO
Oneureun neowa na jeolmeumeul kAMplE
Gamhi nal makjima hoksina nuga nal magado
I'm gonna go Brrrr RAMBO
Ne soni nae heorireul gamssago done
Front to my back

Nae mommaeneun teukbyeolhae Oh yes
Ne nunbicceun I know you wanna touch
Like Touch touch touch
Touch ttudurupbau
Joha i bunwigiga joha
Joha nan jigeum nega joha
Jeongmal meosisseo oneul bam
Neowa chumchugo sipeo

BOOMBAYAH
YAH YAH YAH BOOMBAYAH
YAH YAH YAH BOOMBAYAH
YAH YAH YAH YAH
BOOM BOOM BA
BOOM BOOM BA oppa
YAH YAH YAH YAH YAH
YAH YAH YAH YAH YAH
YAH YAH YAH YAH YAH

YAH YAH YAH YAH YAH oppa
YAH YAH YAH YAH YAH
YAH YAH YAH YAH YAH
YAH YAH YAH YAH YAH
YAH YAH BOOM BOOM BA
BOOMBAYAH

Oneureun maen jeongsin ttawin beorigo
Haneureul neomeoseo olla gal geoya
Kkeuteul moreuge ppalli dalligo sipeo
Let's go, let's go
Oneureun maen jeongsin ttawin beorigo
Haneureul neomeoseo olla gal geoya
Kkeuteul moreuge ppalli dalligo sipeo
Let's go, let's go",0.30911025404930115,0.14639385044574738,0.16397510468959808,0.03369997814297676,0.12746982276439667,0.18802106380462646,0.03132997080683708,5,0,124.95,0.84,0.4
BLACKPINK,JUMP,"I'm not that easy to tame
You should see me under these lights, all my tears turn to ice
That's the sweetest escape
Every time the feeling kicks in, I might stay through the night

Bet you get it now
Rocked that, didn't I?
Chakgak hajima nuga nugunji Whoa
Think you runnin' that
Guess we gunnin' back (You know I walk, yeah, I talk it)
Nungamgo hana dul set
Ttwieo

Ttwieo
Ttwieo
Ttwieo
Ttwieo
So come up with me, I'll take you high
That prima donna spice up your life
You know I got that shit that you like
So come up with me, run up, uh, jump
Ttwieo

Watch me runnin' up the place
I'm already stuntin' and my girls are on the way
Ttwieo
Watch me open up the place
Wanna see you bumpin', baby, bouncin' to the bass

Are you not entertained?
I ain't gotta explain
I'm with all of my sisters
Got 'em goin' insane, yeah
You know we on a mission
All gas, no brakes, yeah
Breakin' out of the system
Breakin' out of this cage, yeah

Bet you get it now
Ate that, didn't I?
Sungan itjima nuga nugunji Oh
Think you runnin' that
Guess we gunnin' back (You know I walk, yeah, I talk it)
Nungamgo hana dul set
Ttwieo

Ttwi ttwi ttwieo
Ttwieo
Ttwieo
Ttwieo
So come up with me, I'll take you high
That prima donna spice up your life
You know I got that shit that you like
So come up with me, run up, uh, jump
Ttwieo

Watch me runnin' up the place
I'm already stuntin' and my girls are on the way
Ttwieo
Watch me open up the place
Wanna see you bumpin', baby, bouncin' to the bass

Blackpink in your area
Ttwieo
Ttwieo",0.43765953183174133,0.10787266492843628,0.10213348269462585,0.07073270529508591,0.12621967494487762,0.10419245809316635,0.051189493387937546,5,0,144.97,0.93,0.52
