artist,song,lyrics,anger,disgust,fear,sadness,neutral,surprise,joy,key,mode,tempo,energy,valence
Run the Jewels,Legend Has It,"Hear what I say, we are the business today
Fuck shit is finished today (what)
RT & J, we the new PB & J
We dropped a classic today (what)
We did a tablet of acid today
Lit joints with the matches and ashes away
SKRRRT! We dash away
Donner and Dixon, the pistol is blastin' away

Doctors of death
Curing our patients of breath
We are the pain you can trust
Crooked at work
Cookin' up curses and slurs
Smokin' my brain into mush
I became famous for flamin' you fucks
Maimin' my way through the brush
There is no training or taming of me and my bruh
Look like a man, but I'm animal raw

We are the murderous pair
That went to jail and we murdered the murderers there
Then went to Hell and discovered the devil
Delivered some hurt and despair
Used to have powder to push
Now I smoke pounds of the kush
Holy, I'm burnin' a bush
Now I give a fuck about none of this shit
Jewel runner over and out of this bitch

Woo!
Woo!
Step into the spotlight, woo!
Woo!

Copping of uppers and downers get done
I'm in a rush to be numb
Droppin' a thousand ain't much
Come from the clouds
On a missile to turn this whole town into dust
Don't make a sound, baby, hush
I am the living swipe right on the mic, I'm a slut
I don't know how to not spit like a lout
I'll spill a pound of my kids on your couch

Half of a mongrel and mythical team
Villainous treacherous things
Legend says El is a spawn out of Hell
The myth is my mama's a murderous queen
Your life can end like in Godfather 1
You get the gun as I christen my son
If I die today and it's Hell I should pay
Tell the Lord Mikey said, ""Fuck, it was fun""

Every new record's my dick in a box
We get a doozy, the mula's a lock
You're getting used to me doing no wrong
I don't play chicken, you prick, I'm a fox
You wanna kick it, I'll give you the rocks
You kiss the wood chipper blade if you balk
I'm fuckin' magic, in fact I'm a warlock, a talk
I got a unicorn horn for a (stop)

Woo!
Woo!
Step into the spotlight, woo!
Woo!

And the crowd goes RTJ!
And the crowd goes RTJ!
And the crowd goes RTJ!
And the crowd goes RTJ!
RTJ!
RTJ!
RTJ!
RTJ!

Mike Pentangeli won't snitch
I'll rent a room at the Ritz
I'll sip a fifth of the whisk
I'll smoke a dub in the tub
Then I will split both my wrists

I'll pull a sword on you simps
Just with a flick of the wrist
Get your neck giving up mist
Me and Mike skip away whistlin' and grin
Every day's golden when you only win

Bullyin' bastards and beatin' on beats
Sounds like a day at the beach, preach
I keep it middle school, step on your feet
Before you can speak, blow to the teeth

We move among the ones you think are meek
You think I'm lion, you right, see my teeth
Don't be a bore when I'm roaring vamoose
Hunting's no fun when your prey doesn't move
I'll put a gun to a bunny like choose
Say somethin' funny or bunny go boom
You got a bevy of shit you could groove
We'd like to thank you for choosing our crew

And that's from the crew you can trust
Warranty plus for fuckin' shit up
We are the no-gooders, do-gooders
Known to the dancers and dealers and doers of dust",0.5452865958213806,0.16753315925598145,0.1553526520729065,0.06199801713228226,0.04973322153091431,0.013064724393188953,0.007031749933958054,7,1,120.97,0.57,0.48
Run the Jewels,Run the Jewels,"Oh dear what the fuck have we here?
These motherfuckers all thorn no rose
Egads what a bad dream better not sleep
Take a No-Doz, do some blow
Oh shit what the hell have we done?
It's alive and it's hungry as fuck
Better hide all the snacks and the dough
It is out of my control, you are shit out of luck
I don't wanna be unfair but the pair we got beat that weak shit you got (true god)
Blew up the spot with that new bop
Crew drops, do up ya squad without nuance
I don't wanna sound unkind but the sounds
I make are the sounds of the hounds that are howlin'
Under your bed I'm here growling
Same time under the blanket you're cowering

Cowering like cowards cowering on concrete showers in Rikers Island
Victims, we the wolves that's whylin'
We often smile at sights of violence
Acting brave and courageous ain't advantageous for health and safety
So when we say run the jewels just run' em baby, please don't delay me
And that goes for a guy or lady, the fam god damn we fuckin' crazy
I'll pull this pistol, put it on your poodle or your fuckin' baby
She clutched the pearls, said ""What in the world!"" and ""I won't give up shit!""
I put the pistol on that poodle and I shot that bitch

Run the jewels

And the crowd chants ""Get that paper!""
And the mob says ""Kill that witch!""
This city get mad to the max better wave bye-de bye to the high scrapes kids
Get a tin foil hat for the rain, in
Hot water from the roof to the basement
I'mma smoke 'til the planet erases
Build a white flag out of Zig Zags, wave it

Often I'm smoking coffin
Sip lean on a bean like Boston
My young bitch here fine like Pam Grier when she made that movie Coffy
But when my wife's in town, ay Jackie Brown just stay up off me
Cause if they don't somebody get shot and they gon' buy a coffin

With the pull of a pin a grenade get a crowd to they feet and a soul to its options
I'm a fool for the win I been made to be loud while these other cats drowning in softness
In a urn or the dirt get tossed in
With a grin or a smirk get accosted
I'm a sin on the verse like a kid in a hearse or a nun in a cum shot (stop it)

Big beast in a cage with a heart full of rage, it seems I can't behave
You could try till you die, oh well you failed, it seems the world can't be saved
These streets is full with the wolves that starve for the week so they after the weak
In a land full of lambs I am and I'll be damned if I don't show my teeth

Run the jewels",0.7464932203292847,0.14794288575649261,0.03117109276354313,0.03111495077610016,0.020579997450113297,0.01747741550207138,0.005220395512878895,2,1,160.06,0.81,0.3
Run the Jewels,Ooh LA LA,"Uh, hey (Oh, shit)

Ooh, la la, ah, oui oui
Ooh, la la, ah, oui oui (Hey)
Ooh, la la, ah, oui oui (Hey)
Ooh, la la, ah, oui oui (Let's go)
Ooh, la la, ah, oui oui (Go, go, go, go)
Ooh, la la, ah, oui oui (Go, go, go)
Ooh, la la, ah, oui oui
Ooh, la la

Lookin' for Ms like I lost a friend
Jump out of my bed like, ""Where the bread""
You gon' hold a egg, waiter bring the check
When we talk, we Kalashnikov, keep us in your thoughts
Fully dressed at the crack of dawn, weapons letting off
I can hear them from the block, see them creeping through the fog
Season's greetings, now feeding season can start, oh my God
Look alive, lookin' like I live life on the crooked line
Doin' fine, you want maximum stupid, I am the guy

First of all, fuck the fuckin' law, we is fuckin' raw
Steak tartare, oysters on the half-shell, sushi bar
Life a bitch, and the pussy fish, still fucked her raw
I'm a dog, I'm a dirty dog, ha-ha-ha-ha-ha
Ol' Dirty Bastard, go in your jaw, shimmy, shimmy, ya
Got the semi in the hemi, go and gimme, gimme, ya
Pugilistic, my linguistics are Jeru the Damaja
And I rap it pornographic, bitch, set up the camera

Ooh, la la, ah, oui oui (Hey)
Ooh, la la, ah, oui oui (Ah, oui oui)
Ooh, la la, ah, oui oui
Ooh, la la, ah, oui oui (Got some weed, got some weed)
Ooh, la la, ah, oui oui (Got some weed, got some, ayy)
Ooh, la la, ah, oui oui
Ooh, la la, ah, oui oui (I need a bottle of Moët, ho, come on)
Ooh, la la, ah, oui oui (Garcon)

You covet disruption, I got you covered, I'm bustin'
My brother's a runner, he's crushin', it's no discussion
I used to be munchkin, I wasn't 'posed to be nothin'
Y'all fuckers corrupted, or up to somethin disgustin'
My pockets are plump for the season, I love to cuff 'em
I'ma afraid of nothin' but nothin', the same as somethin'
Warmongers are dumpin' a pointed click at your pumpkin (Look out)
You're somethin' scrumptious, so put your kids in the oven

Fuck a king or queen and all of their loyal subjects
I'll pull my penis out and I piss on their shoes in public
People, we the pirates, the pride of this great republic
No matter what you order, muhfucka, we're what you're stuck wit
I used to love Bruce, but livin' la vida loca
Help me understand, I'm probably more of a Joker
When we usher in chaos, just know that we did it smilin'
Hannibal's on this island, inmates run the asylum

Ooh, la la, ah, oui oui (Hey)
Ooh, la la, ah, oui oui (Hey)
Ooh, la la, ah, oui oui (Hey)
Ooh, la la (DJ, DJ)

Ooh, la la
Ooh, la, la-, la, la
Ooh, ooh
Ooh, la la, ah, oui oui
La, la, la, la, la
Ah, oui, ah, oui, ah
Ah, ah, ah, oui, oui",0.23500898480415344,0.3135901391506195,0.1714520901441574,0.06459606438875198,0.1499241590499878,0.024233674630522728,0.041194893419742584,11,1,170.08,0.82,0.41
Run the Jewels,Jeopardy,"I'm finna bang this bitch the fuck out!
You betta' -- You might wanna record the way you feelin' like history bein' made
This muthafucka put a mirror on the goddamn screen
Let's go, El-P!
Huh? Champ! That's what we're gonna do, Mick

I'm up at midnight, I'm dippin' off in my Nizzikes
A gun and a metal pizzipe, a knizzife is to my rizzight
I'm lurkin' servin' on pussies who lack a purpose
I've got 'em filled up with frizzight like Mizzike is you all rizzight?
I'm lookin' lurkin' on bitches twerkin' for service
The bitch's bag is a Birkin, I'm yellin' screamin' and cursin'
I'm putting pistols in faces at random places like
Bitch give it up or stand adjacent to Satan
Bad man chillin', the villains is here
No Jesuses here, I hear the demons in my ear
And I want it, I need it, see it, I take it
Never fake it, wrap you motherfuckers up, leave you naked
The jewels runners, top tag team for two summers
Live and let live, fuck you cuz, cause that's a fool's honor
I'm walkin' totin' on two llamas
You niggas ass and trash and trash, fuck it, I'm too honest
So fuck you fuckboys forever, I hope I said it politely
And that's about the psyche of Jaime and Mikey
You meet another pair better, highly unlikely
And if I can't rap, then maggot fuck, then fight me
I live for the thrill of the kill, yes it excites me
You know your favorite rapper ain't shit and me, I might be
The closest representation of God you might see
Pay honors like your momma young sonna and take a right knee
The passion of Pac, the depth of Nas, circa nine three
Mix the mind of Brad Jordan and Chuck D and find me
I spit with the diction of Malcolm or say a Bun B
Prevail through Hell, so Satan get thee behind me

(Run the Jewels)

I've never been much of shit, by most measurements don't exist
On the radar a little blip in the shadow of motherships
Been smothered and brashly muffled by hucksters of global spin Like the sign on my back says ""stab me"", my soul is your little bitch
But maybe you should be careful when flipping a stranger's switch Like assuming the war is won ain't a symptom of arrogance
When nothing to lose a step up then everything's for the win
So we grin in the face of frauds and tell monsters to suck our dicks
I live to spit on your grave, my existence is to disgrace you
The kitten became a lion that look at your face like great food
That's why we got the people behind us
While other rappers are vaginas for the fame the jewels runners will always stay rude
Motherfuck your permission, was never yours to begin with
And every bar of the bitch shit you spit is your fucking prison
I been here making raw shit and never asked to be lauded
Run the Jewels is the answer, your question is ""what's poppin'?""",0.6435450911521912,0.12632793188095093,0.07777911424636841,0.029738524928689003,0.06409341841936111,0.04040585085749626,0.018110128119587898,10,0,141.6,0.71,0.44
Run the Jewels,"Lie, Cheat, Steal","Smoke from the loosie drift
Hold it like a crucifix
Blow from the nose I'm a dragon to a gnome
Got a average of bein' excellent the median just dope
Like the ratio of heroin to laxative that's sold
Authorities have spoken, demanded your pure devotion
Get magnetized to the ground while the falcons of murder close in
I chose to go guano, y'all know, kinda bat shit
The bright lights of fuckery stuck in me automatic
I'll tea bag a piranha tank, heart barely beatin'
A wild one who'll swim like directly after he's eaten
While holding a toaster oven that's plugged with a fork in it
'Cause death by electrocution's like life in New York, isn't it?
Shoulda been a dentist, mom said it
Pain's the way that my craft expresses
Born in a little shop of horrors that I can't even afford to rent in
Where's the exit?
Wanna talk shop I can chop it up with exacto touch, what's the rush?
Autograph skin flaps, tag em up
I don't brag enough you defacto suck
A lotta you new to the El Producto milieu
Kinda like ""fuck is you?""
I'm a little black spot on a Sun of lies
But I'm not too high to say I'm the truth
I line the booth to catch blood like a Bateman
Nathan sacred I'll mace a play pen
Jewel runner, bitch, make the name stick
Not for sale but I'm takin payments

Lie, cheat, steal, kill, win
(Everybody doin' it)
Lie, cheat, steal, kill, win
Everybody doin' it
Lie, cheat, steal, kill, win
(Everybody doin' it)
Lie, cheat, steal, kill, win

I'm fly as a pegasus, that's no embellishment
I'm here to pain the whole game, where the Excedrin
Good pussy, good marijuana that be my medicine
And I'm a mixture of MJG and the Weathermen
A revolutionary bangin' on my adversaries
And I love Dr. King but violence might be necessary
'Cause when you live on MLK and it gets very scary
You might have to pull your AK, send one to the cemetery
We overworked, underpaid, and we underprivileged
They love us, they love us (why?)
Because we feed the village
You really made it or just became a prisoner of privilege?
You willing to share that information that you've been given?
Like who really run this?
Like who really run that man that say he run this?
Who-who really run that man that say he run this, r-r-r-r-run this?
Like who really fund this?
Like who really fund who say he fund this?
Like who in the world gon' tell Donald Sterl who to put on the ""you can't come"" list?
Now don't be silly
Who the fuck gon' bully me if I got a billi?
If I got a billi and the bitch recording me I'm like who cares?
What I wouldn't be is on TV stutterin' ta-ta-talkin' scared
So the question is when Don's at home with that traitor ass bitch alone
Who's that voice on the side of the phone that shakes and rattles his bones?
Could it be the man behind, the man behind, the man behind the throne?
Gone

Lie, cheat, steal, kill, win
(Everybody doin' it)
Lie, cheat, steal, kill, win
Everybody doin' it
Lie, cheat, steal, kill, win
(Everybody doin' it)
Lie, cheat, steal, kill, win
Everybody doin' it
Everybody doin' it
Everybody doin' it",0.026284022256731987,0.017865745350718498,0.9225583076477051,0.006252121180295944,0.016795571893453598,0.008025027811527252,0.0022191815078258514,6,1,82.74,0.74,0.38
Run the Jewels,yankee and the brave,"This week on Yankee and the brave

Back at it like a crack addict, Mr. Black Magic
Crack a bitch back, chiropractic, Craftmatic
Big daddy smokin' big Cali in a black alley
In a black Grand Natty rollin' down Old Natty
Hair nappy, matty as a black granddaddy, all fact
No cappin', fat, black, bold captain, stay floatin'
No flappin', wave runner, I'm a gunner
I'ma have your block hot as a sauna all summer
And I put that on Osama and my motherfuckin' mama
I'ma terrorize the actors playing like they want some drama
I'ma chop 'em with a chopper 'til I motherfuckin' drop 'em (Drop 'em, drop 'em, drop 'em)

Stack addict, a mack with the blackest fabric, I'm back
I'm magically rackin' it, that's when I'm duckin' rat-a-tat-tats
I'm runnin' the truck over sucker shit
Matter fact, kiss the ass and even the crack
Automatic facts, it's like that (Woo)
Scammer bliss when you puttin' villains in charge of shit
All of us targeted, all we doin' is arguin'
Part of them isn't workin' 'til every pockets been picked and sold and harvested
I'm ready to mob on these fuckin' Charlatans (Charlatans, charlatans, charlatans, charlatans, charlatans, charlatans)

Go-go-go-, go-go-go-go-
Go-go-go-go-, Go-go-go-go-
Go-go-go-go-, go-go-go-, go-go-
What we gon' do—?

'Til time die, I'm galatically fly
The moon is movin' the maniacs in a shitty decline
Hearts fried, all this neon is rippin' us up inside
Immortality's out of bounds, it's a one-round ride

I got one round left, a hunnid cops outside
I could shoot at them or put one between my eyes
Chose the latter, it don't matter, it ain't suicide
And if the news say it was that's a goddamn lie
I can't let the pigs kill me, I got too much pride
And I meant it when I said it, never take me alive

I got the Grand Nat runnin' in the alley outside
Yo, Michael, run like you hungry and get your ass in the ride
I'd rather have and not need you than watch your rotten demise
And you still owe me for them Nikes, you do not get to just die
You try to fuck with my brother, you get the bastard surprise
And that's more honest than your whole life in a fraction of time
I didn't get my degree in how to smoke weed 'til I'm blind
So you could ruin my high, Jewel Runner, do and you're bye

My brother made a point so out the back door I'ma slide
I'm chubby, husky, thighs rubbing, fuckin' up my Levi's
The crooked copper got the dropper, I put lead in his eye
Plus we heard he murdered a black child so none of us cried

Yankee and the brave are here
Everybody hit the deck
We don't mean no harm
But we truly mean all the disrespect (Four)",0.10360953211784363,0.016646508127450943,0.824908971786499,0.009215859696269035,0.029457421973347664,0.008667735382914543,0.00749400956556201,10,0,82.01,0.88,0.75
Run the Jewels,Close Your Eyes,"Run them jewels fast, run them, run them jewels fast
Run them, run them, r-run them, run them, fuck the slow mo

Fashion slave, you protestin' to get in a fuckin' look book
Everything I scribble's like The Anarchist Cookbook
(Look good, posing in a centerfold of Crook Book)
Black on black on black with a ski mask, that is my crook look
How you like my stylin', bruh? Ain't nobody stylin', bruh
'Bout to turn this mothafucka up like Riker's Island, bruh
Where my thuggers and my cripples and my blooders and my brothers?
When you niggas gon' unite and kill the police, mothafuckas?
Or take over a jail, give those COs hell
The burnin' of the sulfur, God damn I love the smell
Blankets and pillow torchin', where the fuck the warden?
And when you find him, we don't kill him, we just waterboard him
We killin' 'em for freedom cause they tortured us for boredom
And even if some good ones die, fuck it, the Lord'll sort 'em

We out of order, your honor, you're out of order
This whole court is unimportant, you fuckers are walkin' corpses
I'm a flip wig synonym, livin' within distortion
I'll bite into a cyanide molar before you whores win
I'm a New Yorkian, I fuck for the jump
I wear my Yankee so tilted I actually walk with a hunch
Look at Mikey, I think he likey, we are sinister sons
(Aye, we the type to beat the preacher with a grin and a gun)

Run them jewels fast, run them, run them jewels fast
Run them, run them, r-run them, r-run them, run them, r-run them
Run them jewels fast, run them, run them jewels fast
Run them, run them, r-run them, r-run them, run them, r-run them

A wise man once said, (""We all dead, fuck it"")
Just spit it disgusting youngin', and hold your nuts while you're gunnin'
I listened, tatted a sentence on my dick last summer
Now I'll never get that phrase off my brain, it's no wonder
I'm here to buy hearts, I got hundreds, honey
The cheaper the parts, the better buy for the money
I'm trained in vagina whisperin', glistenin'
Waitin' for their christenin', I know the neighbors can't help but listen in
A dirty boy who come down on a side of dissonance
I can't even relax without sirens off in the distances
Not shittin' you, little buddy, this fuckin' island's a prison
The only solace I have is the act of conjugal visitin'

My solitary condition's preventin' conjugal visits
Go mane and missin' my misses, they keepin' me from my children
Conditions create a villain, the villain is givin' vision
The vision becomes a vow to seek vengeance on all the vicious
Liars and politicians, profiteers of the prisons
The forehead engravers, enslavers of men and women
Includin' members of clergy that rule on you through religion
(So strippin' kids to the nude and then tell 'em God'll forgive 'em)

Run them jewels fast, run them, run them jewels fast
Run them, run them, r-run them, r-run them, run them, r-run them
Run them jewels fast, run them, run them jewels fast
Run them, run them, r-run them, r-run them, run them, r-run them

It's De La on the cut, liftin' 6 on your stitchy crew
I'm miles ahead of you, you can sip my bitches brew
My battle status is burnin' mansions from Dallas to Malibu
Check my résumé, your residence is residue
Call her a skin job and my honey dip'll backflip for you
You playin', God your eye sockets, she gon' rip in two
We sick of bleedin' out a trace, spray a victim, you
Done dyin', Phillip AK Dickin' you
With clips in the bottom, we dippin' from Gotham
Yes eclipsed by the shadows, a dark dance to the coffin
I'm a fellow with melanin, suspect of a felony
Ripped like Rakim Allah, feds is checkin' my melody
Yes aggressively tested we'll bump stretchers and penalties
Dump cases with face and the cop pleas when we seizing a pump
With reason to dump on you global grand dragons
Still pilin' fast, plus Afghani toe taggin'
Now they trackin' me and we bustin' back, see
The only thing that close quicker than our caskets be the factories

Run them jewels fast, run them, run them jewels fast
Run them, run them, r-run them, r-run them, run them, r-run them
Run them jewels fast, run them, run them jewels fast
Run them, run them, r-run them, r-run them, run them, r-run them",0.531356930732727,0.34554505348205566,0.036968011409044266,0.009649197570979595,0.059674810618162155,0.008752561174333096,0.008053464815020561,1,1,80.07,0.66,0.49
