artist,song,lyrics,anger,fear,disgust,sadness,neutral,surprise,joy,key,mode,tempo,energy,valence
Iron Maiden,Run to the Hills,"White man came across the sea
He Brought us pain and misery
He Killed our tribes he killed our creed
He took our game for his own need

We fought him hard we fought him well
Out on the plains we gave him hell
But many came too much for Cree
Oh will we ever be set free?

Riding through dustclouds and barren wastes
Galloping hard on the plains
Chasing the redskins back to their holes
Fighting them at their own game
Murder for freedom a stab in the back
Women and children and cowards attack

Run to the hills run for your lives
Run to the hills run for your lives

Soldier blue on the barren wastes
Hunting and killing their game
Raping the women and wasting the men
The only good Indians are tame
Selling them whisky and taking their gold
Enslaving the young and destroying the old

Run to the hills run for your lives. (is repeated)",0.7114382386207581,0.1629878729581833,0.06438370794057846,0.03039020299911499,0.024342617020010948,0.004314662888646126,0.0021427066531032324,0,1,173.67,0.94,0.46
Iron Maiden,The Number of the Beast,"Woe to you, Oh Earth and Sea
For the Devil sends the beast with wrath
Because he knows the time is short
Let him who hath understanding reckon the number of the beast
For it is a human number
Its number is Six hundred and sixty six

I left alone, my mind was blank
I needed time to think to get the memories from my mind
What did I see? Can I believe that what I saw
That night was real and not just fantasy?
Just what I saw, in my old dreams, were they
Reflections of my warped mind staring back at me?
Cause in my dream, it's always there
The evil face that twists my mind and brings me to despair

YEAH!

The night was black, was no use holding back
Cause I just had to see, was someone watching me?
In the mist, dark figures move and twist
Was this all for real or just some kind of hell?

666 the number of the beast
Hell and fire was spawned to be released

Torches blazed and sacred chants were praised
As they start to cry, hands held to the sky
In the night, the fires burning bright
The ritual has begun, Satan's work is done

666 the number of the beast
Sacrifice is going on tonight

This can't go on, I must inform the law
Can this still be real, or just some crazy dream?
But I feel drawn towards the chanting hordes
They seem to mesmerize, can't avoid their eyes

666 the number of the beast
666 the one for you and me

I'm coming back, I will return
And I'll possess your body and I'll make you burn
I have the fire, I have the force
I have the power to make my evil take its course",0.028619790449738503,0.38001909852027893,0.021631816402077675,0.5043846368789673,0.02393217198550701,0.03843117877840996,0.0029813232831656933,0,1,100.41,0.89,0.27
Iron Maiden,The Trooper,"[Harris]

You'll take my life but I'll take yours too
You'll fire your musket but I'll run you through
So when you're waiting for the next attack
You'd better stand there's no turning back.

The Bugle sounds and the charge begins
But on this battlefield no one wins
The smell of acrid smoke and horses' breath
As I plunge on into certain death.

The horse he sweats with fear we break to run
The mighty roar of the Russian guns
And as we race towards the human wall
The screams of pain as my comrades fall.

We hurdle bodies that lay on the ground
And the Russians fire another round
We get so near yet so far away
We won't live to fight another day.

We get so close near enough to fight
When a Russian gets me in his sights
He pulls the trigger and I feel the blow
A burst of rounds take my horse below.

And as I lay there gazing at the sky
My body's numb and my throat is dry
And as I lay forgotten and alone
Without a tear I draw my parting groan.",0.07103249430656433,0.794982373714447,0.09144649654626846,0.016943013295531273,0.020962154492735863,0.003711956785991788,0.0009215028258040547,4,0,159.76,0.91,0.67
Iron Maiden,2 Minutes to Midnight,"Kill for gain or shoot to maim
But we don't need a reason
The Golden Goose is on the loose
And never out of season
Some blackened pride still burns inside
This shell of bloody treason
Here's my gun for a barrel of fun
For the love of living death.

The killer's breed or the demon's seed,
The glamour, the fortune, the pain,
Go to war again, blood is freedom's stain,
But don't you pray for my soul anymore.
2 minutes to midnight
The hands that threaten doom.
2 minutes to midnight
To kill the unborn in the womb.

The blind men shout let the creatures out
We'll show the unbelievers
The napalm screams of human flames
Of a prime time Belsen feast...YEAH!
As the reasons for the carnage cut their meat and lick the gravy,
We oil the jaws of the war machine and feed it with our babies.

The killer's breed or the demon's seed,
The glamour, the fortune, the pain,
Go to war again, blood is freedom's stain,
But don't you pray for my soul anymore.
2 minutes to midnight
The hands that threaten doom.
2 minutes to midnight
To kill the unborn in the womb

The body bags and little rags of children torn in two
And the jellied brains of those who remain to put the finger right on you.
As the madmen play on words and make us all dance to their song,
To the tune of starving millions to make a better kind of gun.

The killer's breed or the demon's seed,
The glamour, the fortune, the pain,
Go to war again, blood is freedom's stain,
But don't you pray for my soul anymore.
2 minutes to midnight
The hands that threaten doom.
2 minutes to midnight
To kill the unborn in the womb
Midnight
Midnight
Midnight
It's all night
Midnight
Midnight
Midnight
It's all night

Midnight... All night!",0.29879021644592285,0.644375205039978,0.020039133727550507,0.013833832927048206,0.01807231456041336,0.0023184281308203936,0.002570787677541375,9,0,94.23,0.97,0.6
Iron Maiden,Fear of the Dark,"I am a man who walks alone
And when I'm walking a dark road
At night or strolling through the park

When the light begins to change
I sometimes feel a little strange
A little anxious when it's dark

Fear of the dark, fear of the dark
I have constant fear that something's
always near
Fear of the dark, fear of the dark
I have a phobia that someone's
always there

Have you run your fingers down
the wall
And have you felt your neck skin crawl
When you're searching for the light?
Sometimes when you're scared
to take a look
At the corner of the room
You've sensed that something's
watching you

Fear of the dark, fear of the dark
I have constant fear that something's
always near
Fear of the dark, fear of the dark
I have a phobia that someone's
always there

Have you ever been alone at night
Thought you heard footsteps behind
And turned around and no one's there?
And as you quicken up your pace
You find it hard to look again
Because you're sure there's
someone there

Fear of the dark, fear of the dark
I have constant fear that something's
always near
Fear of the dark, fear of the dark
I have a phobia that someone's
always there

Fear of the dark, fear of the dark
Fear of the dark, fear of the dark
Fear of the dark, fear of the dark
Fear of the dark, fear of the dark

Watching horror films the night before
Debating witches and folklores
The unknown troubles on your mind
Maybe your mind is playing tricks
You sense, and suddenly eyes fix
On dancing shadows from behind

Fear of the dark, fear of the dark
I have constant fear that something's
always near
Fear of the dark, fear of the dark
I have a phobia that someone's
always there

Fear of the dark, fear of the dark
I have constant fear that something's
always near
Fear of the dark, fear of the dark
I have a phobia that someone's
always there

When I'm walking a dark road
I am a man who walks alone",0.001085115596652031,0.9915383458137512,0.0007835971773602068,0.0016753645613789558,0.001724984380416572,0.0026057776995003223,0.000586768495850265,2,0,109.83,0.87,0.23
Iron Maiden,Aces High,"There goes the siren that warns of the air raid
Then comes the sound of the guns sending flak
Out for the scramble we've got to get airborne
Got to get up for the coming attack.

Jump in the cockpit and start up the engines
Remove all the wheelblocks there's no time to waste
Gathering speed as we head down the runway
Gotta get airborne before it's too late.

Running, scrambling, flying
Rolling, turning, diving, going in again
Running, scrambling, flying
Rolling, turning, diving.
Run, live to fly, fly to live, do or die
Won't you run, live to fly, fly to live. Aces high.

Move in to fire at the mainstream of bombers
Let off a sharp burst and then turn away
Roll over, spin round and come in behind them
Move to their blindsides and firing again.

Bandits at 8 O'clock move in behind us
Ten ME-109's out of the sun
Ascending and turning our spitfires to face them
Heading straight for them I press down my guns

Rolling, turning, diving
Rolling, turning, diving, going in again
Rolling, turning, diving
Rolling, turning, diving
Run, live to fly, fly to live, do or die
Won't you run, live to fly, fly to live, Aces high.",0.05818599462509155,0.8121670484542847,0.0058076512068510056,0.014871613122522831,0.08795452862977982,0.016355983912944794,0.004657104145735502,2,1,133.07,0.94,0.76
Iron Maiden,Hallowed Be Thy Name,"I'm waiting in my cold cell when the bell begins to chime
Reflecting on my past life and it doesn't have much time
Cos at 5 o'clock they take me to the Gallows Pole
The sands of time for me are running low

When the priest comes to read me the last rites
I take a look through the bars at the last sights
Of a world that has gone very wrong for me

Can it be there's some sort of error
Hard to stop the surmounting terror
Is it really the end not some crazy dream

Somebody please tell me that I'm dreaming
It's not so easy to stop from screaming
But words escape me when I try to speak
Tears they flow but why am I crying
After all I am not afraid of dying
Don't believe that there never is an end

As the guards march me out to the courtyard
Someone calls from a cell ""God be with you""
If there's a God then why has he let me die?

As I walk all my life drifts before me
And though the end is near I'm not sorry
Catch my soul cos it's willing to fly away

Mark my words please believe my soul lives on
Please don't worry now that I have gone
I've gone beyond to see the truth

When you know that your time is close at hand
maybe then you'll begin to understand
Life down here is just a strange illusion.

Yeah, yeah, yeah... Hallowed be Thy name
Yeah, yeah, yeah... Hallowed be Thy name
Yeah",0.0045334515161812305,0.9751335978507996,0.0021929030772298574,0.009413644671440125,0.004728424828499556,0.003365176497027278,0.0006328016170300543,0,1,103.98,0.88,0.3
