artist,song,lyrics,neutral,disgust,fear,anger,sadness,joy,surprise,key,mode,tempo,energy,valence
Dorian,La tormenta de arena,"Te he perdido entre la gente,
te he adorado y te he odiado,
y en el fondo sabes bien
que en los peores momentos
llevas dentro un ángel negro
que nos hunden a los dos.

Y cuando llega el nuevo día
me juras que cambiarías y
pero vuelves a caer.
Te dolerá todo el cuerpo,
me buscarás en el infierno
porque soy igual que tu.

Todo lo que siento por ti
solo podría decirlo así.
Todo lo que siento por ti
solo sabría decirlo así.

Para viajar a otros planetas
por corrientes circulares
te di una cápsula especial.
Pero ahora tu cabeza
es una tormenta de arena
y cada noche una espiral.

Y cuando llega el nuevo día
me juras que cambiarías y
pero vuelves a caer.
Te dolerá todo el cuerpo,
me buscarás en el infierno
porque soy igual que tu.

Todo lo que siento por ti
solo podría decirlo así.
Todo lo que siento por ti
solo sabría decirlo así.

Todo lo que siento por ti
solo podría decirlo así.
Todo lo que siento por ti
solo sabría decirlo así.

Todo lo que siento por ti
solo podría decirlo así.
Todo lo que siento por ti
solo sabría decirlo así.

(Gracias a Lucía por esta letra)",0.3039889335632324,0.25846728682518005,0.18442393839359283,0.17629599571228027,0.05528748407959938,0.013014574535191059,0.008521796204149723,6,0,127.98,0.8,0.55
Dorian,Cualquier otra parte,"Ver,
que ya no piensas en mi
que ya no crees en la gente
que tomas pastillas rosas
y te has vuelto nihilista
y sueñas con no soñar
entraria en tú luz
con una canción sencilla
tres notas y una bandera
tan blanca como el corazón
que late en tu cuerpo de niña.

Estaria tan lejos de ti
que ya no recuerdo el momento
en que te dije por última vez
que el cielo se estaba abriendo
y se abre bajo tus pies
y quiero que vengas conmigo
a cualquier otra parte (x8)

Ver,
que no sabes decir que no
que vivo en pisos oscuros
y tengo dos mil razones
para olvidarme de todo
y no pensar más que en tu voz
entraria en tu luz
con una canción sencilla
tres notas y una bandera
tan blanca como el corazón
que late en tu cuerpo de niña.

Estaria tan lejos de ti
que ya no recuerdo el momento
en que te dije por última vez
que el cielo se estaba abriendo
y se abre bajo tus pies
y quiero que vengas conmigo
a cualquier otra parte (x8)

A cualquier otra parte (x8)",0.48615118861198425,0.051768772304058075,0.1364487260580063,0.07255382835865021,0.19110816717147827,0.02670874446630478,0.03526051342487335,7,1,158.93,0.79,0.8
Dorian,A cualquier otra parte,"Ver
Que ya no piensas en mí
Que ya no crees en la gente
Que tomas pastillas rosas
Y te has vuelto nihilista
Y sueñas con no soñar
Entraría en tú luz
Con una canción sencilla
Tres notas y una bandera
Tan blanca como el corazón
Que late en tu cuerpo de niña

Estaría tan lejos de ti
Que ya no recuerdo el momento
En que te dije por última vez
Que el cielo se estaba abriendo
Y se abre bajo tus pies
Y quiero que vengas conmigo

A cualquier otra parte

Ver
Que no sabes decir que no
Que vivo en pisos oscuros
Y tengo dos mil razones
Para olvidarme de todo
Y no pensar más que en tu voz
Entraría en tu luz
Con una canción sencilla
Tres notas y una bandera
Tan blanca como el corazón
Que late en tu cuerpo de niña

Estaría tan lejos de ti
Que ya no recuerdo el momento
En que te dije por última vez
Que el cielo se estaba abriendo
Y se abre bajo tus pies
Y quiero que vengas conmigo

A cualquier otra parte
A cualquier otra parte
A cualquier otra parte",0.33627668023109436,0.0619300976395607,0.2879267930984497,0.09062996506690979,0.1587194800376892,0.020306620746850967,0.044210344552993774,7,1,158.93,0.79,0.8
Dorian,Los Amigos Que Perdí,"Salí en busca del tiempo perdido,
Siguiendo el rastro de un amanecer
Y me junté con gente sin medida
De la que nadie quiere conocer.

Un loco me dio clases de estricnina,
Un escritor me habló de mal de honor,
Un juez me absolvió de mi rutina
Y una flor me extirpó el dolor.

Si quieres verme vas a tener que explorar,
Esos desiertos que no puedo abandonar.
Abrí una puerta que se cerró tras de mí
Y no me duelen los amigos que perdí.

Me especialicé en noches suicidas
Justo el día en que la conocí
Y confundí molinos con gigantes
Después de una semana sin dormir.

Si quieres verme vas a tener que explorar
Esos desiertos que no puedo abandonar.
Abrí una puerta que se cerró tras de mí,
Y no me duelen los amigos que perdí.

El miedo es un cuchillo afilado,
La venganza una flecha clavada,
No hay nada más inútil que el odio,
No hay nada más doloroso que el rencor.

Trato de salir de mi mente,
Me esfuerzo por desaprender,
Recorro el camino inverso,
Busco el origen,
Busco algo ahí fuera.

Si quieres verme vas a tener que venir
A unos lugares que no puedo describir,
Abrí una puerta que se cerró tras de mí,
Y no me duelen los amigos que perdí.

Si quieres verme vas a tener que asumir
Que hay ciertas cosas que me alejarán de ti.
Abrí una puerta que se cerró cuando huí
Y he olvidado a los amigos que perdí.",0.35504063963890076,0.15514150261878967,0.24071913957595825,0.14170987904071808,0.06316641718149185,0.030901502817869186,0.013320920057594776,5,1,93.98,0.7,0.53
Dorian,Verte amanecer,"Yo que lo hago todo al revés,
llevaba tanto tiempo buscándote ,
que me perdí sin querer...
Tu que nunca quisiste crecer,
escuchas discos raros al amanecer,
en pisos de diablos.
Para qué creer en Dios,
Si él no cree en nosotros,
Yo que encontré mi lugar,
En el color de tus ojos,
Y en el fondo todo lo que quiero,
es verte amanecer.
En el fondo todo lo que quiero,
es verte amanecer.
Yo que lo hago todo al revés,
tengo un agujero en el bolsillo
y sal de mar en la piel.
Para qué creer en Dios,
Si él no cree en nosotros,
Yo que encontré mi lugar,
En el color de tus ojos,
en el fondo todo lo que quiero,
es verte amanecer.
En el fondo todo lo que quiero,
es verte amanecer.
Para qué creer en Dios,
Si él no cree en nosotros,
Yo que encontré mi lugar,
En el color de tus ojos,
en el fondo todo lo que quiero
es verte amanecer

(Gracias a Juan Pedro por esta letra)",0.5639321208000183,0.12437635660171509,0.1126512885093689,0.07658363878726959,0.06601373851299286,0.02682904526591301,0.029613863676786423,1,1,155.01,0.95,0.73
Dorian,Paraísos artificiales,"Como todos los incautos, llevo el signo de Caín
y si alguien te hace daño sabré hacerle sufrir.
Tengo un mapa del abismo
escrito en una canción
y un agujero negro abierto en el corazón.

Pero cuando tú apareces
se desvanece el dolor y no necesito a nadie porque sé,
que como todas las noches nos perderemos los dos
buscando algún paraíso artificial.

Sé que ésta noche mi mente
es más ligera que el aire,
con todo lo que he tomado podría fundir el sol.
Para que no me recuerdes que he perdido el control
llevo siempre un libro encima coartada de este horror.

Pero cuando tú apareces
se desvanece el dolor y no necesito a nadie porque sé,
que como todas las noches nos perderemos los dos
buscando algún paraíso artificial.

Ando siempre con extraños,
la corriente lleva al mar y me iría con cualquiera
de aquí a la eternidad.
Si el verano fue una playa, el invierno fue un cuartel
pero la vida no engaña todo es la misma piel.

Y eso que cuando apareces
se desvanece el dolor y no necesito a nadie porque sé,
que como todas las noches nos perderemos los dos
buscando algún paraíso artificial.

Como podría alcanzarte, para ser igual que tú
si he vivido siempre al este del edén.
Si como todas las noches nos perderemos los dos,
buscando algún paraíso sin cerrar.",0.011795001104474068,0.017630070447921753,0.9505162239074707,0.005661414470523596,0.006690555717796087,0.0022163030225783587,0.005490371026098728,11,0,149.98,0.93,0.86
