artist,song,lyrics,neutral,disgust,anger,fear,sadness,joy,surprise,key,mode,tempo,energy,valence
Lila Downs,La Cumbia Del Mole,"Cuentan que en Oaxaca se toma el mezcal con café.

Cuentan que en Oaxaca se toma el mezcal con café.

Dicen que la hierba le cura la mala fé.

Dicen que la hierba le cura la mala fé.

A mi me gusta el mole que Soledad me va a moler.

A mi me gusta el mole que Soledad me va a moler.

Mi querida Soledad,

Me va a guisar un molito.

Por el cielo de Montealban,

De noche sueño contigo.

Mi querida Soledad,

Me va a guisar un molito.

Por el cielo de Montealban,

De noche sueño contigo.

Se muele con cacahuate

Se muele también el pan

Se muele la almendra seca

Se muele el chile y

También la sal

Se muele ese chocolate

Se muele la canela

Se muele pimienta y clavo

Se muele la molendera

Cuentan que en Oaxaca con agua es el cohoclate

Cuentan que en Oaxaca con agua es el chocolate

Dicen que en la fiesta toritos de ha de quemar

Dicen que en la fiesta toritos de ha de quemar

Para el que haga su manda por la pasión de Soledad

Para el que haga su manda por la pasión de Soledad.

Mi querida Soledad,

Me va a guisar un molito.

Por el cielo de Montealban,

De noche sueño contigo.

Mi querida Soledad,

Me va a guisar un molito.

Por el cielo de Montealban,

De noche sueño contigo.",0.3107321560382843,0.28503045439720154,0.16848179697990417,0.16389237344264984,0.03746753931045532,0.02741033397614956,0.0069853514432907104,4,0,96.03,0.69,0.65
Lila Downs,La Llorona,"Todos me dicen el negro, Llorona
Negro pero cariá±oso.
Todos me dicen el negro, Llorona
Negro pero cariá±oso.
Yo soy como el chile verde, Llorona
Picante pero sabroso.
Yo soy como el chile verde, Llorona
Picante pero sabroso.

Ay de má­, Llorona Llorona,
Llorona, llévame al rá­o
Tá¡pame con tu rebozo, Llorona
Porque me muero de frió

Si porque te quiero quieres, Llorona
Quieres que te quieres má¡s
Si ya te he dado la vida, Llorona
Â¿Qué mas quieres?
Â¿Quieres má¡s?",0.7046917676925659,0.12268608808517456,0.03496621549129486,0.06241609528660774,0.016676194965839386,0.022489173337817192,0.036074452102184296,9,0,187.36,0.31,0.25
Lila Downs,Paloma Negra,"Ya me canso de llorar
Y no amanecer
Ya no se si maldecirte
O por ti rezar

Tengo miedo de buscarte
Y de encontrarte
Donde me aseguran tus amigos que te vas

Hay momentos en que quisiera
Mejor rajarte
Pa`rrancarme ya los clavos de mi pena
Pero mis ojos se mueren sin mirar tus ojos

Y mi cariño con la aurora te vuelve a esperar

Ya agarraste por tu cuenta
La parranda

Paloma negra
Paloma negra
Adonde, adonde andaras

Ya no juegues con mi honra
Parrandera
Si tus caricias deben ser mias
De nadie más

Y aunque te ame con locura
Ya no vuelvas

Paloma negra
Eres la reja de un penal
Quiero ser libre vivir mi vida
Con quien yo quiera
Dios dame fuerzas que estoy muriendo por irlo a buscar

Ya agarraste por tu cuenta
La parranda",0.4653864800930023,0.025641271844506264,0.075897216796875,0.24669820070266724,0.07629863172769547,0.029655450955033302,0.08042263984680176,2,1,110.62,0.36,0.34
Lila Downs,Naila,"En una noche de luna
Naila lloraba ante mi
Ella me hablaba con ternura
Puso en mis labios su dulzura
Yo le decia porque lloraba
Y ella me contesto asi
""Ya me embriague con otro hombre
Ya no soy Naila para ti
Ya me embriague con otro hombre
Ya no soy Naila para ti""
Naila, di porque me abandonas
Tonta, si bien sabes que te quiero
Vuelve a mi, ya no busques
Otros senderos
Te perdono, porque sin tu amor
Se me parte el corazón
Naila, di porque me abandonas
Tonta, si bien sabes que te quiero
Vuelve a mi, ya no busques
Otros senderos
Te perdono, porque sin tu amor
Se me parte el corazón",0.5401161313056946,0.045145027339458466,0.057463388890028,0.20060214400291443,0.04964745417237282,0.022395828738808632,0.08463002741336823,6,0,102.39,0.16,0.46
Lila Downs,Benediction and Dream,"Y ella es flama que se eleva

Y es un pájaro a volar

En la noche que se incendia,

Estrella de oscuridad

Que busca entre la tiniebla

La dulce hoguera de el beso

Que mal amor es sus labios

El infierno es este cielo",0.42686358094215393,0.08247300237417221,0.08223970979452133,0.29237380623817444,0.04494989290833473,0.021156147122383118,0.04994380846619606,0,1,84.15,0.1,0.04
Lila Downs,Agua De Rosas,"Flor del color de mis venas...

De una lluvia de cielo que muere en Cuchitán...

Eres

Vara de Romero

Madre del deseo

Que el río cantó

Eres

Suripanta del pueblo

La mujer que más quiero

Que me da de beber...

Agua de rosas

Dame de beber ahhh ahhh

Que esta tristeza

Acabe de una vez ahhh ahhh",0.31614789366722107,0.21039380133152008,0.04264054074883461,0.10979137569665909,0.14797870814800262,0.05636982619762421,0.11667795479297638,9,0,87.99,0.8,0.94
Lila Downs,La Cama De Piedra,"de piedra a de ser la cama
de piedra la cabecera
la mujer que a mi me quiera
me ha de querer de ha deberas hay hay hay.

corazon por que no amas
subi a la sala del crimen le pregunte
al presidente que si es delito quererte
que me sentencien a muerte hay hay hay
corazon porque no amas.

el dia que a mi me maten que sea
de cinco balazos y este cerquita de ti
para morir en tus brazos hay hay.
hay corazon, corazon porque no amas.

por caja tengo un zarape por cruz mis
dobles cananas y escriban sobre
mi tumba mi ultimo adios con mil balas
hay hay hay corazon por que no amas.
no amas no amas.

corazon por que no amas",0.371635377407074,0.04572223126888275,0.17629343271255493,0.2074100822210312,0.11707371473312378,0.03596265986561775,0.04590247571468353,7,1,117.27,0.25,0.38
